City,Price
ABBEVILLE,25393.89908256881
ABERDEEN,16574.3216080402
ABILENE,23303.32319721981
ABINGTON,15445.12895377129
ACTON,24899.103448275862
ACWORTH,25525.882629107982
ADA,26447.5
ADAMSBURG,22731.875
ADDISON,24536.676686217008
ADEL,31695.508771929824
ADRIAN,18831.227642276423
AIEA,23596.041450777204
AIKEN,11541.416666666666
AKRON,17867.816099071206
ALACHUA,19662.46846846847
ALAMEDA,14054.666666666666
ALAMOGORDO,25460.62427745665
ALBANY,22373.687188019965
ALBEMARLE,14929.246153846154
ALBERMARLE,18691.48051948052
ALBERT LEA,20672.977443609023
ALBERTVILLE,20258.26388888889
ALBION,18698.266666666666
ALBUQUEQUE,18938.095238095237
ALBUQUERQUE,22341.652764761013
ALCOA,22915.961783439492
ALEXANDER CITY,22090.729166666668
ALEXANDRIA,23188.738480697386
ALGONQUIN,14938.366972477064
ALHAMBRA,18778.52152317881
ALLENTOWN,17446.825
ALLIANCE,26790.596153846152
ALPHARETTA,19136.416342412453
ALSIP,20411.075471698114
ALTO,26188.910256410258
ALTON,17934.673469387755
ALTUS,24007.32608695652
ALVIN,26672.89908256881
AMARILLO,24966.4163208852
AMELIA,4333.333333333333
AMERICAN FORK,21908.131506849317
AMERICUS,18865.38918918919
AMESBURY,21618.246376811596
AMHERST,19835.782971619366
AMITYVILLE,27998.112469437652
AMORY,24954.836734693876
AMSTERDAM,21565.522012578618
ANACORTES,19072.095238095237
ANAHEIM,23207.78474784748
ANCHORAGE,19827.088566827697
ANDERSON,21310.258362168395
ANGLETON,8939.444444444445
ANKENY,27525.460975609756
ANN ARBOR,23955.41698841699
ANNANDALE,17869.32911392405
ANNAPOLIS,25085.97426470588
ANNISTON,20391.367901234567
ANOKA,16433.926470588234
ANSONIA,15260.520066889632
ANTIOCH,19299.35376884422
APACHE JUNCTION,16627.127819548874
APEX,21380.901388888888
APOLLO BEACH,17957.708333333332
APPLE VALLEY,14997.25
APPLETON,22554.388429752067
ARANSAS PASS,27483.88888888889
ARCADIA,20294.205607476637
ARCHBOLD,18525.53846153846
ARDEN,20531.254901960783
ARDMORE,19849.157676348546
ARKADELPHIA,25046.1875
ARLINGTON,20314.272613693152
ARLINGTON HEIGHTS,21235.44734389562
ARMONA,6638.5
ARROYO GRANDE,21967.5125
ARUNDEL,26785.64285714286
ASHBURN,23257.690476190477
ASHEBORO,20490.957295373664
ASHEVILLE,23100.453093812375
ASHLAND,22324.694533762056
ATHENS,22453.062757201646
ATLANTA,22554.790920995198
ATMORE,29682.714285714286
ATTLEBORO,9389.06779661017
AUBURN,19566.616032210834
AUBURN HILLS,12711.864864864865
AUGUSTA,20971.474792243767
AURORA,20717.51906614786
AUSTELL,10675.88
AUSTIN,23143.571148425053
AVENEL,22362.191747572815
AVON,17459.234957020057
AVON PARK,22781.659090909092
AVONDALE,19258.266005410278
BAIRD,30980.0
BAKERSFIELD,17556.21533923304
BALA CYNWYD,19070.76923076923
BALDWIN,23199.85185185185
BALDWINSVILLE,21425.363636363636
BALLWIN,21516.48306148055
BALTIMORE,17599.054629988375
BANGOR,16772.666666666668
BANNING,20274.037037037036
BARNEVELD,18968.32183908046
BARRE,14891.440579710144
BARRINGTON,30827.518417462485
BARSTOW,23247.029411764706
BARTLETT,29769.65873015873
BARTOW,28080.07967032967
BASTROP,24914.059221658208
BATAVIA,17813.013221153848
BATESBURG-LEESVILLE,25783.1981981982
BATON ROUGE,24823.88212927757
BATTLE CREEK,21686.295805739515
BAXLEY,28849.909090909092
BAY MINETTE,25754.244680851065
BAY SHORE,23016.660649819496
BAYSHORE,29532.617021276597
BAYSIDE,20869.959785522788
BAYTOWN,25561.187150837988
BEACHWOOD,28974.75
BEAUFORT,20961.333333333332
BEAUMONT,22505.46205571566
BEAVER SPRINGS,23434.515151515152
BEAVERCREEK,21168.476843910805
BEAVERTON,22429.80874872838
BECKLEY,26948.601694915254
BEDFORD,18946.198730662436
BEDFORD HILLS,30916.53086419753
BEL AIR,19788.73100871731
BELAIR,21068.637860082305
BELFAST,20378.490566037737
BELFORD,19244.697674418603
BELL,5999.0
BELLE GLADE,21988.983333333334
BELLE PLAINE,21646.643274853803
BELLE VERNON,23792.662447257382
BELLEROSE,20188.75
BELLEVILLE,17180.637188208617
BELLEVUE,27111.175918018787
BELLFLOWER,16696.670454545456
BELLINGHAM,21708.088624338623
BELMONT,21278.918367346938
BELOIT,23777.546296296296
BELTON,14855.889361702128
BEND,25579.646302250803
BENNETTSVILLE,22179.41176470588
BENNINGTON,16861.808823529413
BENSENVILLE,22736.334890965732
BENSON,18589.0625
BENTONVILLE,26305.706202393907
BENZONIA,22056.23076923077
BERESFORD,30314.482517482516
BERGENFIELD,20751.5
BERKELEY,27328.180272108842
BERLIN,17812.33410672854
BERNARDSVILLE,16960.240506329115
BERTHOUD,7491.142857142857
BERWYN,23598.961783439492
BESSEMER,19738.25396825397
BETHANY,10313.484848484848
BETHEL PARK,16274.774193548386
BETHESDA,27025.558608058607
BETHLEHEM,17105.5259377494
BEVERLY,19162.434782608696
BEVERLY HILLS,27484.324324324323
BIG STONE GAP,19679.090909090908
BILLERICA,11445.0
BILLINGS,28109.603703703702
BILOXI,21019.892473118278
BIRCH RUN,18493.511363636364
BIRMINGHAM,20714.435501653803
BIXBY,17107.371794871793
BLACKSHEAR,26132.745098039217
BLACKWOOD,23228.244680851065
BLADENSBURG,10295.064516129032
BLAINE,15875.176165803108
BLAIR,27002.074492099324
BLAIRSVILLE,12818.739130434782
BLAUVELT,17636.531986531987
BLENHEIM,27294.595141700403
BLOOMFIELD,18973.191283292977
BLOOMFIELD HILLS,16290.270114942528
BLOOMINGDALE,6863.4375
BLOOMINGTON,19742.554563492064
BLOOMSBURG,15314.926829268292
BLUE ISLAND,16792.82608695652
BLUE RIDGE,22427.128712871287
BLUE SPRINGS,20969.147601476016
BLUEFIELD,23117.87671232877
BLUFFTON,26176.10505836576
BOARDMAN,17318.27771010962
BOAZ,15911.157024793389
BOERNE,27106.749839228294
BOGART,16924.39024390244
BOHEMIA,15376.826086956522
BOISE,20419.64509051015
BONHAM,22665.177725118483
BONITA SPRINGS,26669.0
BONNER SPRINGS,27020.626666666667
BOONE,22329.498
BOSSIER CITY,21770.45108695652
BOSTON,36939.908396946565
BOTHELL,13362.338461538462
BOULDER,23303.9203539823
BOUNTIFUL,21386.090909090908
BOURBONNAIS,20003.722222222223
BOW,17667.031690140844
BOWIE,19224.8853974122
BOWLING GREEN,23516.205
BOXBOROUGH,29061.071428571428
BOYERTOWN,24138.785942492013
BOZEMAN,28256.43220338983
BRADDOCK HEIGHTS,12077.128712871287
BRADENTON,20401.67230169051
BRADLEY,17990.98214285714
BRAINTREE,12009.084507042253
BRANDON,27158.043062200955
BRANDYWINE,30387.227272727272
BRANFORD,17546.276363636363
BRANSON,24381.03313253012
BRANSON WEST,14666.666666666666
BRATTLEBORO,22821.076923076922
BRAZIL,23231.365079365078
BREA,23287.08387096774
BREAUX BRIDGE,31439.716666666667
BREMERTON,21976.490092470278
BRENHAM,24961.697674418603
BRENTWOOD,24089.70618556701
BREVARD,21227.953846153847
BREWSTER,22396.295774647886
BREWTON,27379.766666666666
BRICK TOWN,13740.0
BRIDGEPORT,16318.239726027397
BRIDGETON,20977.05462184874
BRIDGEVIEW,18592.532258064515
BRIDGEWATER,25095.26923076923
BRIGHAM CITY,26286.875968992248
BRIGHTON,17587.503787878788
BRISTOL,19531.681458003168
BROCKPORT,20400.594405594406
BROCKTON,20439.019855595667
BRODHEADSVILLE,11347.23076923077
BROKEN ARROW,21864.393377483444
BROKEN BOW,19777.464285714286
BRONX,18600.717928286853
BROOK PARK,22325.761904761905
BROOKFIELD,23055.99139414802
BROOKHAVEN,23309.53676470588
BROOKINGS,13776.315789473685
BROOKLYN,21013.90812720848
BROOKLYN CENTER,19685.548283261804
BROOKLYN PARK,20743.00825471698
BROOKSVILLE,22330.411585365855
BROOMALL,21451.772277227723
BROOMFIELD,28977.827586206895
BROWNFIELD,24258.1935483871
BROWNSBURG,24156.67320261438
BROWNSTOWN,14664.459119496856
BROWNSVILLE,24431.26589595376
BRUNSWICK,20036.848062015502
BRYAN,24464.31210191083
BUCKEYE,20034.445859872612
BUCKHANNON,23064.833333333332
BUCKNER,20878.97272727273
BUDA,23286.943005181347
BUDD LAKE,19195.0
BUELLTON,24741.260869565216
BUENA PARK,21905.780205655527
BUENA VISTA,24093.676470588234
BUFFALO,24478.11131059246
BUFFALO GROVE,25051.295
BUFORD,24044.764926931108
BULLHEAD CITY,19444.442857142858
BUNKER HILL,22330.222222222223
BURBANK,19094.410224438903
BURIEN,18049.82945736434
BURKBURNET,20367.29292929293
BURKBURNETT,27607.317073170732
BURLESON,22011.331623931623
BURLEY,20938.125
BURLINGAME,28399.85798816568
BURLINGTON,18999.08945046129
BURNS HARBOR,16228.04705882353
BURNSVILLE,18484.361963190186
BURR RIDGE,24042.647058823528
BURTON,18040.636771300447
BUTLER,24272.03125
BUTTE,22373.895184135978
BYRON,25508.904761904763
CABOT,13707.740384615385
CADIZ,25526.34328358209
CALAIS,22405.35714285714
CALDWELL,24262.158878504673
CALEDONIA,14202.1
CALERA,15446.79012345679
CALUMET,23742.05172413793
CALUMET CITY,17593.384615384617
CAMARILLO,28582.54487179487
CAMBRIDGE,20375.204022988506
CAMBY,22089.523076923077
CAMP SPRINGS,19488.761904761905
CAMP VERDE,22747.213483146068
CAMPBELL,16537.67469879518
CAMPBELLSVILLE,23976.575
CANANDAIGUA,17530.293963254593
CANBY,26807.69230769231
CANFIELD,18652.2890625
CANOGA PARK,20780.866071428572
CANTON,20396.628213166143
CANYON,33417.920634920636
CANYON COUNTRY,12257.066666666668
CAPE CORAL,24582.286821705427
CAPE GIRARDEAU,19570.87398373984
CAPITOL HEIGHTS,17245.563106796115
CARBONDALE,19621.049504950493
CAREY,21353.45
CARLISLE,19587.494736842105
CARLOCK,16746.457142857143
CARLSBAD,24902.11231281198
CARMEL,17783.224168126093
CAROL STREAM,20578.22429906542
CARROLLTON,24925.924709302326
CARROLTON,25668.225950783
CARSON,19173.064
CARSON CITY,24808.505836575874
CARTERSVILLE,20454.67590027701
CARTHAGE,22804.620689655174
CARY,23717.532099479467
CASA GRANDE,21065.93181818182
CASCADE,29317.5
CASPER,28464.975
CASSELBERRY,12535.4802259887
CASTLE ROCK,14429.741379310344
CASTLE SHANNON,20339.80733944954
CASTRO VALLEY,14312.628571428571
CASTROVILLE,24636.36094674556
CATHEDRAL CITY,22246.18904109589
CATONSVILLE,21608.73764258555
CATSKILL,22201.684782608696
CAYCE,23471.682926829268
CEDAR CITY,18993.627272727274
CEDAR FALLS,18645.760330578512
CEDAR HILL,32310.78947368421
CEDAR KNOLLS,25487.36842105263
CEDAR LAKE,12289.452830188678
CEDAR PARK,23836.47191011236
CEDAR RAPIDS,21768.055555555555
CEDARTOWN,20948.19811320755
CENTENNIAL,21232.80355965722
CENTERVILLE,19678.876923076925
CERES,10726.642276422765
CERRITOS,20531.06935483871
CHAMBERSBURG,20238.51111111111
CHAMBLEE,22600.961773700306
CHANDLER,19749.42502071251
CHANNAHON,18542.032258064515
CHANTILLY,18400.62389135255
CHAPEL HILL,27318.185483870966
CHARLES TOWN,22508.25
CHARLESTON,21291.634771732333
CHARLOTTE,22261.40157480315
CHARLOTTESVILLE,21053.19465648855
CHATSWORTH,14004.466666666667
CHATTANOOGA,18629.64783565664
CHEBOYGAN,20869.597014925374
CHEEKTOWAGA,17197.37575757576
CHEHALIS,20844.530726256984
CHELMSFORD,18138.035087719298
CHELSEA,21602.58282208589
CHERRY HIILL,16487.727272727272
CHERRY HILL,23361.254736842104
CHESAPEAKE,18346.29554494829
CHESHIRE,19321.30198019802
CHESTER,18726.127868852458
CHESTER SPRINGS,32836.969696969696
CHESTERFIELD,18652.867647058825
CHESTERTON,17152.231316725978
CHESTRLAND,19235.983870967742
CHEYENNE,24482.75464684015
CHICAGO,19061.002858399297
CHICKASHA,23174.177215189873
CHICO,17873.844919786097
CHICOPEE,20653.696055684453
CHIEFLAND,18444.928571428572
CHILDERSBURG,15043.558139534884
CHILLICOTHE,21321.714814814815
CHILLOCOTHE,19909.509433962263
CHINO,22037.280991735537
CHOWCHILLA,28851.11111111111
CHRISTIANBURG,18425.20975609756
CHRISTIANSBURG,18167.567567567567
CHULA VISTA,10377.333333333334
CICERO,19699.714285714286
CINCINNATI,19732.209093628477
CINCINNNATI,16639.25
CIRCLEVILLE,18590.850746268658
CITRUS HEIGHTS,15952.962264150943
CITY OF INDUSTRY,18529.28805237316
CLANTON,21909.0
CLAREMONT,19964.29906542056
CLAREMORE,22641.652694610777
CLARKSBURG,16557.552631578947
CLARKSDALE,19528.53846153846
CLARKSVILLE,21861.59561343386
CLAYTON,9518.932432432432
CLEARWATER,19352.8877445932
CLERMONT,20013.828460038985
CLEVELAND,19737.430609597926
CLEVELAND HEIGHTS,16182.191780821919
CLEWISTON,19248.3
CLINTON,24707.596573208724
CLINTON TOWNSHIP,19341.903002309467
CLINTON TWP,20083.92105263158
CLIVE,24381.824041811848
CLOVIS,23439.291338582676
COCKEYSVILLE,27935.87831858407
COCOA,20447.750642673524
COCONUT CREEK,23478.073304157548
COEUR D'ALENE,22786.74025974026
COKATO,19283.676470588234
COLCHESTER,19600.184210526317
COLFAX,26229.79591836735
COLLEGE PARK,18468.309859154928
COLLEGE STATION,24490.048
COLLIERVILLE,22833.154605263157
COLLINS,28318.264317180616
COLLINSVILLE,22140.215456674472
COLMA,19266.43832599119
COLMAR,19141.668041237113
COLONIAL HEIGHTS,19552.0
COLORADO SPRINGS,21826.70231042654
COLTON,15840.0
COLUMBIA,21165.176869674975
COLUMBUS,18709.958139534883
COLUSA,23495.305882352943
COLVILLE,22164.059701492537
COMMERCE,24002.404761904763
COMMERCE CITY,15981.049689440993
COMSTOCK,26381.1875
CONCORD,23748.731392474594
CONROE,23537.500375093772
CONWAY,23612.189896530737
CONYERS,19199.358558558557
COOKEVILLE,19118.56448911223
COOLIDGE,17145.21153846154
COON RAPIDS,23295.781990521325
COOPERSBURG,16375.115384615385
COOS BAY,20936.83962264151
CORAL GABLES,28879.316455696204
CORAL SPRINGS,19091.942857142858
CORAOPOLIS,17286.075268817203
CORBIN,22212.591836734693
CORNELIUS,22430.150214592275
CORONA,16830.792307692307
CORPUS CHRISTI,21530.242610364683
CORRY,10835.875
CORTE MADERA,24894.502923976608
CORTLANDT,19770.87037037037
CORTLANDT MANOR,19390.235294117647
CORVALLIS,23686.365384615383
COSHOCTON,18958.436090225565
COSTA MESA,20995.636592741936
COTTONWOOD,12264.290909090909
COUNCIL BLUFFS,14848.035087719298
COUNTRY CLUB HILLS,4210.625
COUNTRYSIDE,19856.115720524016
COURTLAND,17773.10650887574
COVINA,14876.55
COVINGTON,19568.84984520124
CRANBURY,25858.991150442478
CRANSTON,20945.320430107527
CRAWFORDSVILLE,26484.66153846154
CREST HILL,6613.333333333333
CRESTVIEW,24997.92899408284
CRESTWOOD,19496.337078651686
CRETE,25367.807228915663
CREVE COEUR,26776.96
CRITTENDEN,19135.4375
CROSBY,29804.92121212121
CROSSVILLE,21750.414519906324
CRYSTAL,12443.477272727272
CRYSTAL LAKE,18924.248626373625
CRYSTAL RIVER,14787.6
CRYSTAL SPRINGS,23508.023529411767
CULLMAN,26948.151612903224
CULPEPER,18053.701754385966
CULVER CITY,20601.577017114916
CUMMING,19585.708502024292
CUYAHOGA FALLS,10135.797202797203
CYPRESS,19295.613231552165
D'IBERVILLE,24312.321585903082
DADE CITY,19613.361233480176
DADEVILLE,20280.76923076923
DALHART,24329.25581395349
DALLAS,22101.814392059554
DALTON,13460.377358490567
DALY CITY,22402.793969849245
DANBURY,17628.321917808218
DANIA BEACH,19750.0
DANVERS,20914.442449841605
DANVILLE,20233.279260780288
DAPHNE,21460.020746887967
DARIEN,29126.305882352943
DARTMOUTH,19389.321428571428
DAVENPORT,17787.419847328245
DAVIE,20454.77462792346
DAVIS,18929.477462437397
DAWSONVILLE,26624.965714285714
DAYTON,18478.694719471947
DAYTONA,17359.622641509435
DAYTONA BEACH,23100.285537700864
DE SOTO,22691.672043010753
DEARBORN,17365.914666666667
DECATUR,23552.844949099454
DEDHAM,7947.8
DEERFIELD,15173.521126760563
DEERFIELD BEACH,19222.565217391304
DEFIANCE,23207.167293233084
DEL CITY,20055.803571428572
DELAND,18701.59910581222
DELANO,21651.553956834534
DELAVAN,21274.996062992126
DELAWARE,22225.152129817445
DELRAN,10967.367346938776
DELRAY BEACH,20193.82572614108
DELTA,24867.85714285714
DEMING,21949.190476190477
DENISON,20252.933333333334
DENTON,21704.333333333332
DENVER,20490.445089100704
DENVILLE,18873.61460957179
DEPEW,18416.16896551724
DERBY,14073.113564668769
DERIDDER,22468.58823529412
DERRY,8640.176470588236
DES MOINES,20874.611367127498
DES PLAINES,25221.23851203501
DES PLAINS,7613.055555555556
DETROIT,16866.84518828452
DEVILS LAKE,23035.178571428572
DEVON,20051.630630630632
DFW AIRPORT,45953.5
DICKINSON,22248.38589211618
DICKSON,19624.8
DILLSBURG,18626.5
DINUBA,23892.174796747968
DISTRICT HEIGHTS,15694.573333333334
DIXON,23628.290322580644
DORAL,19247.121870397645
DORAVILLE,14375.965517241379
DORCHESTER,11111.56
DOTHAN,23038.61170212766
DOUGLASVILLE,17247.570621468927
DOVER,20327.675893886968
DOWNERS GROVE,20557.987931034484
DOWNEY,18090.406741573035
DOWNINGTOWN,19354.48906560636
DOWNTINGTOWN,15098.100775193798
DOYLESTOWN,21603.36582017845
DRAPER,32740.012110726642
DRIPPING SPRINGS,25802.69230769231
DRY RIDGE,18741.913294797687
DUARTE,19608.848484848484
DUBLIN,23580.35183795949
DUDLEY,20484.48514851485
DULLES,31400.858974358973
DULUTH,22259.965337954938
DUMFRIES,17429.06225680934
DUNCAN,24773.78
DUNDALK,19541.921487603307
DUNDEE,18487.0
DUNKIRK,18195.144
DUNN,23068.158690176322
DUNNELLON,10245.416666666666
DURANGO,19568.147727272728
DURANT,23916.40740740741
DURHAM,21649.349407114623
DYERSBURG,23081.36690647482
E. PROVIDENCE,22762.26404494382
EAGLE RIVER,19918.445945945947
EASLEY,19342.64527027027
EAST BRUNSWICK,19857.347826086956
EAST DUNDEE,24987.050847457627
EAST GREENWICH,21559.60209424084
EAST HANOVER,25769.416
EAST HARTFORD,22301.87214611872
EAST HAVEN,18737.3
EAST LANDSDOWNE,3345.4
EAST MEADOW,16452.0
EAST PETERSBURG,23939.88101265823
EAST PROVIDENCE,17081.204761904763
EAST ROCHESTER,15271.673913043478
EAST STROUDSBURG,16333.753846153846
EAST SYRACUSE,10011.901408450703
EAST WENATCHEE,22948.637931034482
EAST WINDSOR,15289.376021798365
EASTON,20791.62542182227
EASTPOINTE,15303.764705882353
EATONTOWN,20885.709125475285
EDEN,19860.288659793816
EDEN PRAIRIE,22202.253032928944
EDGEFIELD,24850.70588235294
EDGEWATER PARK,12856.983606557376
EDGEWOOD,18358.054794520547
EDINBURG,27336.261437908495
EDISON,32964.639344262294
EDMOND,24124.334630350193
EDMONDS,18983.96901408451
EGG HARBOR,18116.72064777328
EGG HARBOR TOWNSHIP,22972.792993630574
EL CAJON,18710.386078510724
EL CERRITO,18221.591463414636
EL DORADO,12553.55
EL MIRAGE,7607.333333333333
EL MONTE,17952.237654320987
EL PASO,21582.136054421768
EL RENO,25188.737931034484
ELBA,19879.354838709678
ELDRIDGE,17374.468085106382
ELGIN,15312.149068322982
ELIZABETH,15807.574144486693
ELIZABETH CITY,19940.435452793834
ELIZABETHTON,20379.654545454545
ELIZABETHTOWN,17169.563380281692
ELK GROVE,23247.086842105262
ELK GROVE VILLAGE,17154.52
ELK RIVER,20575.733644859814
ELKHART,18724.780597014924
ELKO,25760.091503267973
ELKTON,17596.426966292136
ELLENSBURG,24226.030534351146
ELLENVILLE,17349.63157894737
ELLICOTT CITY,22027.21153846154
ELLINGTON,23812.049019607843
ELLISVILLE,20362.134615384617
ELLWOOD CITY,21043.984615384616
ELMHURST,21138.426326129666
ELMSFORD,19674.08035714286
ELMWOOD PARK,16121.274390243903
ELVERSON,19990.367088607596
ELYRIA,14473.222222222223
EMERSON,21063.617647058825
EMINENCE,14975.0
EMMAUS,16387.17142857143
EMPORIA,24404.68085106383
ENCINITAS,23989.347826086956
ENCINO,37585.69369369369
ENFIELD,19066.85661764706
ENGLEWOOD,19992.42943228671
ENGLEWOOD CLIFFS,36378.260869565216
ENID,24402.18118466899
ENNIS,21543.31746031746
ENTERPRISE,24222.593272171252
ENUMCLAW,22926.238095238095
EPHRATA,17446.640202702703
ERWIN,8724.25
ESCONDIDO,19740.55814814815
ESPANOLA,25919.80769230769
ESSINGTON,13566.666666666666
ESTERO,20448.94871794872
EUGENE,22093.537815126052
EVANS,21763.095477386934
EVANSTON,19755.162280701756
EVANSVILLE,23017.932075471697
EVERETT,16554.10478359909
EWING,18728.42294520548
EWING TOWNSHIP,15582.246913580248
EXCELSIOR SPRINGS,25172.651515151516
EXETER,21155.734939759037
EXTON,19702.08823529412
FAIR OAKS,10507.15909090909
FAIRBANKS,21953.27222982216
FAIRBORN,18201.354285714286
FAIRBURN,11275.0
FAIRFAX,17460.8822418136
FAIRFIELD,20132.2774713619
FAIRHAVEN,24101.848101265823
FAIRLAWN,20277.452768729643
FAIRLESS HILLS,19693.972440944883
FAIRVIEW HEIGHTS,16329.055555555555
FALCONER,15945.95744680851
FALL RIVER,23049.391304347828
FALLON,24557.666666666668
FALLS CHRUCH,11979.516129032258
FALLS CHURCH,16059.139442231075
FALLSTON,17083.86230248307
FALMOUTH,23893.521126760563
FARGO,20088.982914572865
FARMERS BRANCH,22181.863636363636
FARMINGDALE,24643.51145038168
FARMINGTON,23726.871527777777
FARMINGTON HILLS,18450.022556390977
FAYETTEVILLE,20705.312934171354
FEASTERVILLE,20878.425196850392
FEDERAL WAY,24145.498470948012
FENTON,19315.9126984127
FERGUS FALLS,20736.43165467626
FERNDALE,17259.898395721924
FERNLEY,25893.542372881355
FERRIDAY,25197.708695652174
FESTUS,20359.885057471263
FIFE,30242.72857142857
FINDLAY,16577.9375
FINKSBURG,26486.902985074626
FISHERS,23737.659611992945
FITCHBURG,22256.98181818182
FLAGSTAFF,22579.41416893733
FLEETWOOD,22913.013513513513
FLEMINGSBURG,20499.664383561645
FLEMINGTON,25800.267924528303
FLEMMING,15295.850746268658
FLINT,18461.098039215685
FLORENCE,19035.462643678162
FLORIDA CITY,19617.91
FLORISSANT,20748.318507890963
FLOWOOD,20906.272727272728
FOLEY,22813.603773584906
FOLSOM,21136.637640449437
FOND DU LAC,30974.011075949365
FONTANA,26664.18629076838
FOOTHILL RANCH,35350.53333333333
FOREST,20180.660550458717
FOREST CITY,17736.695067264573
FOREST GROVE,23198.75
FOREST HILLS,25363.48275862069
FOREST LAKE,26082.641176470588
FOREST PARK,18219.495081967212
FORSYTH,21713.25581395349
FORT BENTON,28698.666666666668
FORT COLLINS,23515.180597014925
FORT GRATIOT,15304.285714285714
FORT KENT,24215.565789473683
FORT LAUDERDALE,19623.82613168724
FORT MILL,21247.40990990991
FORT MYERS,21445.625425652666
FORT PAYNE,25440.679144385027
FORT PIERCE,22321.99856115108
FORT SCOTT,27313.4
FORT SMITH,22145.883
FORT WALTON,21427.717391304348
FORT WALTON BEACH,21606.37398373984
FORT WASHINGTON,29357.74418604651
FORT WAYNE,19783.49249658936
FORT WORTH,23437.378469520103
FOSTORIA,18000.0
FOUNTAIN,17542.19178082192
FOUNTAIN HILLS,23594.237288135595
FOWLERVILLE,15884.92857142857
FOX LAKE,19803.98445595855
FRAMINGHAM,23171.44967682364
FRANKENMUTH,13516.666666666666
FRANKFORT,19518.073170731706
FRANKLIN,21958.471717171717
FRANKLIN SQUARE,26887.134146341465
FRAZER,15821.851063829787
FREDERICK,19821.297202797203
FREDERICKSBURG,17007.06179613052
FREDERICKTOWN,24803.808510638297
FREDRICKSBURG,21130.524475524475
FREEHOLD,22130.3702677747
FREEPORT,25131.51891891892
FREMONT,22242.72718894009
FRESNO,19844.97284533648
FRIENDSWOOD,28943.85663716814
FRISCO,22998.775106082037
FRONT ROYAL,20818.571428571428
FRUITLAND PARK,20986.321917808218
FT MYERS,40961.03896103896
FT MYERS BEACH,11699.923076923076
FT WALTON BEACH,19273.54054054054
FT. COLLINS,19912.5
FT. LAUDERDALE,24028.03
FT. MYERS,18048.620320855614
FT. PIERCE,27383.274509803923
FT. WALTON BEACH,17645.80808080808
FT. WORTH,21503.67121212121
FULLERTON,18913.86951501155
FUQUAY VARINA,13718.303167420814
FUQUAY-VARINA,22325.550632911392
GADSDEN,21711.185863874347
GAHANNA,13941.044776119403
GAINESVILLE,21654.161001788907
GAITHERSBURG,23784.398258977148
GALESBURG,22357.821428571428
GALLATIN,22126.409523809525
GALLUP,20820.0
GALVESTON,27757.25842696629
GAMBRILS,18985.607843137255
GARDEN CITY,19331.639846743295
GARDEN GROVE,18431.28364849833
GARDENA,16246.648854961832
GARDENDALE,16551.20895522388
GARDNER,18249.68899521531
GARFIELD,5710.10101010101
GARLAND,18360.03274559194
GARNER,15446.386411889596
GASTON,15374.183673469388
GASTONIA,17106.2496954933
GAUTIER,23684.615384615383
GEENVILLE,13965.213836477988
GEORGETOWN,24415.504424778763
GERMANTOWN,18693.696275071634
GETTYSBURG,11021.872727272726
GIBSONTON,13583.709677419354
GILBERT,24405.10730387737
GILMER,19842.809523809523
GILROY,20126.00460829493
GLADEWATER,21466.542857142857
GLADSTONE,19476.55700712589
GLASSBORO,15687.89240506329
GLEN ALLEN,17810.98717948718
GLEN BURNIE,17924.561860465117
GLEN CARBON,22521.75
GLEN COVE,35308.03773584906
GLEN ELLYN,36475.0
GLEN HEAD,19585.452631578948
GLEN MILLS,21487.403846153848
GLENDALE,20232.25839104955
GLENDALE HEIGHTS,19001.020642201835
GLENDORA,19609.78617710583
GLENOLDEN,14352.5
GLENSIDE,14242.857142857143
GLENVIEW,21101.18604651163
GLENWOOD SPRINGS,24507.215789473685
GLOBE,17862.655172413793
GLOUCESTER,20394.865168539327
GOLDEN,21819.18932038835
GOLDEN VALLEY,26153.22846889952
GOLDENS BRIDGE,39271.642857142855
GOLDSBORO,22169.069602272728
GONZALES,25846.973214285714
GOODLETTSVILLE,24088.722891566264
GOODYEAR,22841.190476190477
GORHAM,19097.665
GOSHEN,18017.647058823528
GOWER,19887.82897862233
GRAFTON,12628.58064516129
GRAHAM,14432.27
GRAND BLANC,16295.905882352941
GRAND FORKS,22339.613526570047
GRAND ISLAND,16322.815864022663
GRAND JUNCTION,20335.0421686747
GRAND PRAIRIE,19173.606683804628
GRAND RAPIDS,21249.40740740741
GRANDVILLE,19554.97426470588
GRANITE CITY,20565.369774919614
GRANITEVILLE,23260.185185185186
GRANTS PASS,17199.014084507042
GRAPEVINE,26567.87489539749
GRASS VALLEY,19846.032258064515
GRAYSLAKE,19465.720588235294
GREAT FALLS,20914.15935334873
GREAT NECK,28319.295822676897
GREATNECK,15731.473214285714
GREELEY,22923.725
GREEN BAY,21726.27806122449
GREEN BROOK TOWNSHIP,28489.586666666666
GREEN COVE SPRINGS,24730.640287769784
GREEN VALLEY,21738.414634146342
GREENACRES,21170.854545454546
GREENBELT,29211.32075471698
GREENCASTLE,25787.78494623656
GREENEVILLE,21517.647058823528
GREENFIELD,16681.4082278481
GREENLAND,36705.82524271845
GREENSBORO,21061.813552006905
GREENSBURG,22504.260273972603
GREENVALE,24106.06375838926
GREENVILLE,21063.37205162439
GREENWICH,23442.869565217392
GREENWOOD,21739.427645788335
GREENWOOD VILLAGE,20545.17610062893
GREER,21456.15343915344
GRENADA,31676.98536585366
GRESHAM,21944.714673913044
GRIDLEY,25403.384615384617
GRIFFIN,22761.399606299212
GRIMES,19216.26517571885
GROTON,16896.376884422112
GROVE CITY,16422.664621676893
GULF BREEZE,21464.696969696968
GULFPORT,20327.21850899743
GURNEE,17645.41798941799
GUTHRIE,26284.635135135137
HACKENSACK,22554.559440559442
HACKETTSTOWN,14826.599364069953
HADLEY,19124.497630331753
HAGERSTOWN,23051.42944785276
HAINES CITY,17721.8064516129
HAINESPORT,18017.80821917808
HALF MOON BAY,26886.059701492537
HAMBURG,19803.184573002756
HAMILTON,23626.53439153439
HAMILTON SQUARE,16446.070866141734
HAMLER,18444.112903225807
HAMMOND,23710.68376068376
HAMPSTEAD,8530.008620689656
HAMPTON,18068.553846153845
HANFORD,23059.51391465677
HANOVER,21582.96512935883
HARBINGER,16676.9012345679
HARDEEVILLE,22369.100294985252
HARLAN,27131.805555555555
HARLINGEN,23994.8477443609
HARMARVILLE,21193.20224719101
HARRIMAN,36908.336842105266
HARRISBURG,18069.053442959917
HARRISON,20963.08
HARRISONBURG,19955.017994858612
HARRISONVILLE,24205.050420168067
HARTFORD,24205.26056338028
HARTSVILLE,17673.30769230769
HARVEY,18412.055555555555
HASBROUCK HEIGHTS,18995.042933810375
HASTINGS,10623.628571428571
HATTIESBURG,26558.56238698011
HAVELOCK,20293.358974358973
HAVERHILL,19463.952662721895
HAVRE,24851.539130434783
HAWAIIAN GARDENS,13215.384615384615
HAWTHORNE,18804.191275167785
HAYDEN,13099.435897435897
HAYESVILLE,24486.211764705884
HAYWARD,18166.06196943973
HAZELWOOD,18231.847421203438
HAZLE TOWNSHIP,17141.46996466431
HAZLET,18966.68888888889
HEALDSBURG,27414.09465020576
HEATH,18854.187096774192
HEBER SPRINGS,25795.365019011406
HELENA,24706.197674418603
HELLERTOWN,20728.0
HEMET,18862.9573283859
HEMINGWAY,20352.677419354837
HEMPSTEAD,19664.03149606299
HENDERSON,22180.334370831482
HENDERSONVILLE,20105.416553595656
HENRICO,14900.97177419355
HENRIETTA,23388.17391304348
HERMITAGE,20400.75806451613
HERMOSA BEACH,27991.45283018868
HIALEAH,15831.22547332186
HIALEAH GARDENS,15642.065789473685
HIBBING,19127.180555555555
HICKORY,22696.154332129965
HICKORY HILLS,14293.081180811809
HICKSVILLE,25981.424479166668
HIGGINSVILLE,30295.82222222222
HIGH POINT,17839.673796791445
HIGHLAND,18233.1589958159
HIGHLAND PARK,24434.193513513514
HIGHLAND SPRINGS,4890.833333333333
HIGHLANDS RANCH,24815.396267837543
HILLSBORO,22052.413654618475
HILLSBOROUGH,21535.663265306124
HILLSDALE,21419.340501792114
HILLSIDE,22276.89423076923
HINESVILLE,20225.091286307055
HINGHAM,28663.005263157895
HINSDALE,35858.29069767442
HINTON,27073.8125
HODGKINS,23381.13368983957
HOFFMAN ESTATES,28959.616438356163
HOLBROOK,24140.8
HOLIDAY,17032.780952380952
HOLLAND,21301.102564102563
HOLLY HILL,26939.310344827587
HOLLY SPRINGS,18198.262295081968
HOLLYWOOD,19024.185739130437
HOMESTEAD,18965.16911764706
HOMEWOOD,19976.041379310343
HOMOSASSA,21172.867724867723
HONOLULU,16461.746810207336
HOOKSETT,19938.013257575756
HOOVER,20910.2231292517
HOPKINS,18024.22807017544
HOPKINSVILLE,19056.278551532032
HORSHAM,16911.916666666668
HOUSTON,22851.61888583562
HOWELL,12688.333333333334
HUBBARD,26083.25
HUDSON,20067.757522123895
HUEYTOWN,18120.551470588234
HUMBLE,24653.52690166976
HUMBOLDT,20396.436170212764
HUMMELS WHARF,19183.79487179487
HUNTERSVILLE,20359.302713987472
HUNTINGTON,24162.018987341773
HUNTINGTON BEACH,19234.472809667674
HUNTINGTON PARK,10845.950980392157
HUNTINGTON STATION,27522.280898876405
HUNTINGTON VALLEY,37800.0
HUNTLEY,24374.14457831325
HUNTSVILLE,23388.27543859649
HUNTVILLE,25658.341463414636
HURRICANE,19065.2625698324
HURST,23767.785087719298
HUTTO,23283.82300884956
HYANNIS,18461.216216216217
HYATTSVILLE,17024.802469135804
IDAHO FALLS,24690.98449612403
IMLAY CITY,22688.541666666668
INDEPENDENCE,19912.36389684814
INDIAN TRAIL,23279.18181818182
INDIANA,22473.527777777777
INDIANAPOLIS,19697.19734389562
INDIANOLA,22370.36111111111
INDIO,19081.17127071823
INDUSTRY,17040.257142857143
INGLEWOOD,16590.56583629893
INVER GROVE HEIGHTS,18505.19087635054
INWOOD,14829.147286821706
IOWA CITY,23295.240223463687
IRVINE,23452.88353765324
IRVING,19494.411433172303
IRWIN,22374.67021276596
IRWINDALE,10638.0
ISANTI,20979.87341772152
ISSAQUAH,27387.22807017544
IVEL,18221.273224043714
JACKSON,20738.759136212626
JACKSONVILLE,19744.16207559257
JAMAICA,19671.021116138763
JANESVILLE,18357.28846153846
JARRETTSVILLE,26777.791304347826
JASPER,23205.53370786517
JEANNETTE,16714.541666666668
JEFFERSON CITY,18785.57160493827
JENKINTOWN,20766.214705882354
JENNINGS,22672.3
JERSEY CITY,16858.457719162143
JERSEYVILLE,15744.28125
JOHNSON CITY,18150.322206095792
JOHNSTON,21687.010452961673
JOHNSTOWN,26288.22429906542
JOLIET,13454.675862068965
JONESBORO,21357.66891891892
JOPLIN,23096.28846153846
JOURDANTON,10138.58695652174
JUNCTION CITY,20715.412322274882
JUPITER,18502.325581395347
KAHULUI,19156.365344467642
KAILUA,21562.473684210527
KALAMAZOO,18708.56551724138
KALONA,17964.716981132075
KANEOHE,10045.555555555555
KANNAPOLIS,18529.975903614457
KANSAS CITY,22237.175505050505
KATY,22937.206280788178
KAUFMAN,19462.46551724138
KAYSVILLE,20368.054945054944
KEARNEY,17646.46625766871
KEARNY,18982.352941176472
KEENE,18823.875536480686
KEIZER,26027.786885245903
KELLER,19132.843137254902
KENDALL,16675.08275862069
KENLY,24745.23711340206
KENMORE,13883.810344827587
KENNER,20356.426877470356
KENNESAW,21464.537530266345
KENNEWICK,21835.823529411766
KENOSHA,19765.889513108614
KENSINGTON,10061.136363636364
KENT,17599.797413793105
KERNERSVILLE,23336.70887166236
KERRVILLE,18192.53886010363
KEYPORT,16941.113537117904
KIHEL,19180.185185185186
KILLEEN,19898.937880633373
KING GEORGE,23514.771739130436
KINGMAN,20054.822916666668
KINGSLAND,26258.986666666668
KINGSPORT,18551.48724489796
KINGSTON,18783.357852882702
KINGWOOD,15041.605633802817
KINSTON,25290.15107913669
KIRKLAND,21726.24074074074
KIRKWOOD,18567.621212121212
KISSIMMEE,13998.882494004796
KITTY HAWK,28128.573033707864
KLAMATH FALLS,20360.69318181818
KNIGHTDALE,17861.039568345324
KNOXVILLE,20831.161676646705
KOKOMO,14162.0
KOSCIUSKO,25799.24
KYLE,19942.686274509804
LA CRESCENTA,15531.0
LA CROSSE,19578.895833333332
LA FOLLETTE,24650.723926380368
LA GRANDE,23776.957446808512
LA GRANGE,27374.3125
LA HABRA,11902.63063063063
LA JOLLA,59999.0
LA MESA,23113.367346938776
LA PUENTE,10599.222222222223
LA QUINTA,19539.638655462186
LABELLE,17672.902173913044
LACKAWANNA,11556.145161290322
LAFAYETTE,21231.523233849643
LAGRANGE,19492.956521739132
LAGUNA HILLS,18391.666666666668
LAGUNA NIGUEL,29463.08527131783
LAKE BLUFF,22046.56
LAKE CHARLES,27906.713114754097
LAKE CITY,21327.677367576245
LAKE ELMO,22791.404958677685
LAKE ELSINORE,22817.392026578073
LAKE HAVASU,22552.091346153848
LAKE HAVASU CITY,20555.136842105265
LAKE HOPATCONG,11875.964912280702
LAKE JACKSON,20187.72
LAKE KATRINE,23165.40127388535
LAKE ORION,18724.74157303371
LAKE PARK,21175.817535545022
LAKE WALES,27844.421487603307
LAKE WORTH,12351.923076923076
LAKELAND,17747.445473251028
LAKEVILLE,21563.51573849879
LAKEWAY,32618.659574468085
LAKEWOOD,20699.267290249434
LANCASTER,19123.600351082503
LAND O LAKES,11875.87912087912
LANDOVER,17195.344696969696
LANGHORNE,18631.841007819286
LANHAM,18382.028037383177
LANSDALE,24652.091503267973
LANSING,19208.91732729332
LARAMIE,25594.955056179777
LARCHMONT,27540.85549132948
LAS CRUCES,19742.827368421054
LAS VEGAS,18866.27749870085
LATHAM,19109.13545816733
LAUDERDALE LAKES,19584.09066305819
LAUREL,17294.972413793104
LAURINBURG,19947.0
LAVONIA,25400.5
LAWNDALE,13061.263888888889
LAWRENCE,19247.614611872144
LAWRENCEBURG,19598.85606060606
LAWRENCEVILLE,20100.090909090908
LAWTON,21322.052816901407
LAYTON,23387.29411764706
LEAGUE CITY,26947.589371980677
LEAVENWORTH,21130.571563088513
LEBANON,18644.586599241466
LEDGEWOOD,15157.028571428571
LEE'S SUMMIT,22112.654008438818
LEES SUMMIT,19030.666666666668
LEESBURG,21214.26031065881
LEESVILLE,21650.823708206688
LEHI,34294.53448275862
LEHIGH ACRES,18686.18181818182
LEMON GROVE,17627.974137931036
LEMONT,18763.846153846152
LENNOX,25182.37037037037
LENOIR,26354.32525951557
LENOIR CITY,20248.21686746988
LEOMINSTER,16693.02845528455
LEONARDTOWN,25776.0
LEVITTOWN,13964.902268760907
LEWES,23623.045045045044
LEWISBURG,19799.27857142857
LEWISVILLE,22953.663001293662
LEXINGTON,20048.816335350042
LEXINGTON PARK,23591.18918918919
LIBERAL,23704.37254901961
LIBERTY,25502.64680851064
LIBERTY LAKE,24772.292857142857
LIBERTYVILLE,19756.59949409781
LIBURN,22824.365079365078
LIGHTHOUSE POINT,12851.91791044776
LILBURN,20441.054736842107
LILLINGTON,22202.51376146789
LIMA,19294.358817533128
LIMERICK,21146.30447761194
LINCOLN,22485.911005434784
LINCOLNTON,13871.9
LINCOLNWOOD,45325.813953488374
LINDEN,25266.68888888889
LINDENHURST,18353.05504587156
LINDON,20060.5890625
LISLE,18852.817480719794
LITCHFIELD,20382.49090909091
LITHIA SPRINGS,20046.4192139738
LITHONIA,17192.146551724138
LITTLE FALLS,17844.71985815603
LITTLE FERRY,20591.419230769232
LITTLE ROCK,23136.966279505432
LITTLETON,24053.201873935264
LIVE OAK,16456.86075949367
LIVERMORE,19153.73579109063
LIVERPOOL,14502.21875
LIVONIA,18168.517482517484
LOCKHART,23556.433734939757
LOCKPORT,21497.552631578947
LOCUST,15279.755813953489
LOCUST GROVE,9332.333333333334
LODI,20168.66089108911
LOGAN,19272.964349376114
LOGANVILLE,18002.612648221344
LOMA LINDA,15029.088607594937
LOMBARD,19665.04077253219
LOMIRA,28389.232804232804
LOMITA,11691.903846153846
LOMPOC,17256.43181818182
LONDON,23974.974789915967
LONDONDERRY,12492.824074074075
LONE TREE,28890.282258064515
LONG BEACH,20320.575079872204
LONG ISLAND  CITY,15697.992805755395
LONG ISLAND CITY,21086.688141923438
LONGMONT,19894.950771055752
LONGS,16896.1875
LONGVIEW,24182.575799721835
LONGWOOD,17997.54147465438
LOS ANGELES,23113.74954296161
LOS BANOS,31995.0
LOS LUNAS,24335.571428571428
LOUISA,17435.591836734693
LOUISVILLE,20357.027988717728
LOVELAND,25553.160946745564
LOVES PARK,18138.831683168315
LOWELL,20999.241379310344
LOXLEY,31714.285714285714
LUBBOCK,22515.53090172239
LUCEDALE,24301.060606060608
LUDINGTON,19723.655172413793
LUFKIN,20216.989361702126
LUGOFF,18206.317073170732
LUMBERTON,22706.654434250766
LUNENBURG,18690.0
LUTHERVILLE,17651.020408163266
LUTHERVILLE TIMONIUM,20689.615384615383
LUTZ,21201.3908045977
LYNBROOK,23825.452631578948
LYNDHURST,17488.03738317757
LYNN,19008.20781527531
LYNNFIELD,25998.945454545454
LYNNWOOD,20845.124633431085
LYNWOOD,10723.92857142857
MACHESNEY PARK,16822.123809523808
MACOMB,20133.435684647302
MACON,21006.425196850392
MADERA,21195.09923664122
MADISON,21562.698102016606
MADRAS,29232.037037037036
MAHWAH,23157.54726368159
MAIRETTA,10109.779411764706
MAITLAND,22506.0
MALDEN,22110.777777777777
MALTA,20898.811320754718
MAMARONECK,20051.91176470588
MANAHAWKIN,20239.665803108808
MANALAPAN,23356.989247311827
MANASSAS,17189.406646015206
MANASSAS PARK,20003.695652173912
MANCHESTER,19275.0548744892
MANDEVILLE,22472.75773195876
MANHASSET,30955.35
MANHATTAN,20935.082949308755
MANHEIM,19778.273127753306
MANISTEE,19574.50980392157
MANKATO,18494.635802469136
MANOR,21729.25
MANSFIELD,20629.8
MANTECA,23887.590604026846
MANVEL,26218.24705882353
MAPLE HEIGHTS,14328.453416149068
MAPLE SHADE,17307.0
MAPLEWOOD,23285.31210191083
MARBLE FALLS,26786.266666666666
MARENGO,22526.76923076923
MARGATE,18763.348214285714
MARIANNA,22724.761904761905
MARIETTA,20958.400998655656
MARINA DEL REY TOYOTA,19191.239130434784
MARION,18295.70338983051
MARLBORO,19831.73076923077
MARLBOROUGH,16929.649717514123
MARLETTE,26511.044444444444
MARLOW HEIGHTS,27330.47529411765
MARLTON,19123.589285714286
MARRERO,10804.307692307691
MARRIETA,22916.595307917887
MARS,17586.340277777777
MARSHALL,23868.261603375526
MARSHFIELD,20247.664285714287
MARTIN,24002.420289855072
MARTINEZ,25153.25092936803
MARTINSBURG,24552.421383647797
MARTINSVILLE,20839.520408163266
MARYSVILLE,21582.137472283815
MARYVILLE,22430.42
MASCOUTAH,23432.702702702703
MASSAPEQUA,22710.371428571427
MASSILLON,15177.305045871559
MATHIS,24347.151515151516
MATTESON,19954.414431082332
MATTHEWS,19050.0
MATTOON,21858.504201680673
MAULDIN,13246.641025641025
MAUMEE,21257.758928571428
MAYFIELD,24331.43089430894
MAYS LANDING,23995.988095238095
MC ALLEN,27719.627906976744
MCALLEN,19066.215
MCCOOK,11776.828358208955
MCDONOUGH,19805.581765557163
MCGREGOR,25141.88495575221
MCHENRY,21607.823943661973
MCKENNA,32144.787671232876
MCKINNEY,22991.032245532246
MCLEAN,21786.057142857142
MCMINNVILLE,22665.207407407408
MCMURRAY,16988.89417989418
MECHANICSBURG,22751.650326797386
MECHANICSVILLE,18289.00859598854
MECHANICVILLE,21842.18
MEDFORD,20929.71807397069
MEDINA,21252.33774834437
MEDWAY,9316.888888888889
MELBOURNE,20594.7124039517
MELROSE PARK,13645.186746987953
MEMPHIS,18896.92129083038
MENDON,23133.47866419295
MENTOR,19381.991803278688
MEQUON,19222.464601769912
MERCED,17591.073555166375
MERIDEN,20392.008403361346
MERIDIAN,22975.798165137614
MERRIAM,20436.111306643204
MERRILLVILLE,21351.190919674038
MERRIMACK,19192.007246376812
MERRITT ISLAND,16932.794258373207
MESA,18501.664184661207
MESQUITE,20911.236137667303
METAIRIE,24679.646143437076
METHUEN,20983.493670886077
METROPOLIS,18853.44927536232
MIAMI,21015.13642280656
MIAMI BEACH,28596.325
MIAMI GARDENS,18043.333096590908
MIAMI LAKES,22141.632142857143
MIAMI SHORES,18500.196969696968
MIAMISBURG,15296.179138321995
MICHIGAN CENTER,25494.324324324323
MICHIGAN CITY,21117.074358974358
MIDDLE ISLAND,20704.56862745098
MIDDLE VILLAGE,20094.04411764706
MIDDLEBURG HEIGHTS,14253.863636363636
MIDDLEBURY,20584.27559055118
MIDDLESBORO,25065.652694610777
MIDDLETON,19672.31443298969
MIDDLETOWN,21794.487669053302
MIDLAND,26142.84260515604
MIDLOTHIAN,21771.802612481857
MIDLOTHIAN TURNPIKE,18738.31550802139
MIDVALE,12767.304347826086
MIDWAY CITY,16549.458333333332
MIDWEST CITY,19290.397058823528
MILACA,7275.0
MILAN,19060.845070422536
MILFORD,18980.630363036304
MILLEDGEVILLE,20753.952095808385
MILLINGTON,23912.60465116279
MILLSBORO,23538.20987654321
MILLVILLE,19052.90625
MILTON,25360.319277108432
MILWAUKEE,19599.637399746727
MILWAUKIE,19202.55175879397
MINDEN,28194.396226415094
MINE HILL,7070.0
MINNEAPOLIS,21709.052631578947
MINNEOLA,15706.475409836066
MINNETONKA,29841.779069767443
MINOOKA,15918.310924369747
MIRAMAR,16243.10408921933
MISHAWAKA,17592.542435424355
MISSION,26688.59649122807
MISSION HILLS,19519.707423580785
MISSION VIEJO,26869.22077922078
MISSOULA,27675.69844789357
MISSOURI VALLEY,29178.6162464986
MOAB,24074.014492753624
MOBILE,21156.735863671573
MODESTO,21705.89574283232
MOLINE,17847.905660377357
MONCKS CORNER,22131.75
MONGAUP VALLEY,12423.965517241379
MONMOUTH,16495.531914893618
MONMOUTH JUNCTION,14170.451327433628
MONROE,20568.311095505618
MONROEVILLE,18185.692041522492
MONROVIA,26739.063829787236
MONTCLAIR,20390.85842105263
MONTEBELLO,19327.745571658616
MONTEREY PARK,26625.817415730337
MONTGOMERY,21693.04128440367
MONTGOMERYVILLE,23486.370473537605
MONTICELLO,20833.40512820513
MONTPELIER,17066.571428571428
MONTROSE,23476.87012987013
MONTROSS,21369.44578313253
MOON TOWNSHIP,17270.325740318905
MOONACHIE,24652.739130434784
MOORE,13610.577319587628
MOORESVILLE,20208.92037470726
MORA,21300.41975308642
MOREHEAD,21042.802083333332
MOREHEAD CITY,21694.859788359787
MORENO VALLEY,20100.870841487278
MORGAN,25313.177083333332
MORGANTON,27830.666666666668
MORGANTOWN,14191.948051948051
MORRISON,18392.48611111111
MORRISTOWN,17236.01030927835
MORRISVILLE,30154.298245614034
MORROW,21250.36216216216
MORTON,19523.394957983193
MORTON GROVE,28896.57786885246
MOSCOW,9172.537037037036
MOSES LAKE,21942.915887850468
MOSS POINT,22882.659574468085
MOULTRIE,29148.728395061727
MOUNDS VIEW,12235.753086419752
MOUNT AIRY,22504.933333333334
MOUNT CARROLL,19614.882352941175
MOUNT DORA,20650.704225352114
MOUNT HOREB,30813.89010989011
MOUNT JULIET,21972.15068493151
MOUNT KISCO,35541.260273972606
MOUNT LAUREL,29840.887931034482
MOUNT PROSPECT,21196.61797752809
MOUNT VERNON,26231.0796812749
MOUNTAIN VIEW,21595.8233995585
MOYOCK,7430.0
MT AIRY,26383.720930232557
MT DORA,23871.42105263158
MT PLEASANT,18756.102473498235
MT. JULIET,30951.979403409092
MT. KISCO,31384.1
MT. PLEASANT,25899.10714285714
MT. POCONO,18188.672955974842
MT. PROSPECT,12468.75
MT. VERNON,15816.716417910447
MUKWONAGO,21026.27067669173
MUNCIE,20279.715133531157
MUNDELEIN,18584.680203045686
MURFREESBORO,19904.232524964336
MURPHY,20736.16129032258
MURRAY,19689.06554307116
MURRIETA,26752.540441176472
MURRYSVILLE,17857.56038647343
MUSCLE SHOALS,18183.581818181818
MUSKOGEE,23217.8591954023
MYRTLE BEACH,22546.10114942529
MYSTIC,22416.766666666666
N LAUDERDALE,8834.67894736842
N. BELLEVUE,16989.655462184874
N. CHARLESTON,17521.08292682927
N. MIAMI BEACH,30688.953846153847
NAMPA,21154.973630831642
NANUET,23390.746243739566
NAPA,20197.066937119675
NAPERVILLE,25024.989619377164
NAPLES,24778.908
NARRAGANSETT,21817.067567567567
NASHUA,21455.18249733191
NASHVILLE,19518.159911569637
NATCHEZ,22883.613636363636
NATICK,28392.664835164836
NATIONAL CITY,17061.58690744921
NAUGATUCK,14499.637096774193
NAZARETH,24500.349206349205
NEEDHAM HEIGHTS,23130.83870967742
NELLISTON,16020.244897959185
NEOSHO,27027.933333333334
NEPTUNE,17184.34265734266
NEPTUNE CITY,13759.83962264151
NETCONG,21636.765625
NEVADA,24038.245614035088
NEW ALEXANDRIA,21551.88888888889
NEW ATHENS,17507.942857142858
NEW BEDFORD,7846.875
NEW BERN,22387.5
NEW BETHLEHEM,21953.0
NEW BRAUNFELS,24547.064516129034
NEW CANAAN,30455.846153846152
NEW CARLISLE,21277.727272727272
NEW CARROLLTON,19403.355555555554
NEW CASTLE,19367.548551959113
NEW HAMPTON,20471.91176470588
NEW HAVEN,19491.57627118644
NEW HUDSON,21943.88429752066
NEW LONDON,19296.734265734267
NEW ORLEANS,19024.91153846154
NEW PHILADELPHIA,12678.153153153153
NEW PORT RICHEY,17740.215978928885
NEW PRAGUE,25153.222222222223
NEW RICHMOND,23991.08823529412
NEW ROCHELLE,31419.387362637364
NEW SMYRNA BEACH,26122.78846153846
NEW WINDSOR,12949.420454545454
NEW YORK,27047.094795539033
NEWARK,19160.714968152864
NEWBERG,24104.78021978022
NEWBERRY,28909.303030303032
NEWBURGH,19908.416256157634
NEWBURYPORT,10739.962962962964
NEWHALL,11924.761904761905
NEWINGTON,18814.756097560974
NEWNAN,24046.295495495495
NEWPORT,16075.87338501292
NEWPORT BEACH,26258.355731225296
NEWPORT NEWS,19981.512670565302
NEWTON,21962.643396226416
NEWTOWN,21059.149425287356
NEWTOWN SQUARE,36205.80536912752
NIAGARA FALLS,18161.414965986394
NIANTIC,18899.785714285714
NICEVILLE,18845.155844155845
NICHOLASVILLE,19787.14309484193
NILES,18553.87898089172
NOBLESVILLE,18889.667774086378
NOKOMIS,23379.45109780439
NORCO,20277.18118466899
NORCROSS,18003.429139072847
NORFOLK,16972.910006715916
NORFORK,8487.04054054054
NORMAL,17419.130434782608
NORMAN,23001.00837988827
NORRISTOWN,17981.70588235294
NORTH ATTLEBORO,19446.752358490565
NORTH AURORA,19802.314855875833
NORTH BEND,18474.170731707316
NORTH BETHESDA,33448.085106382976
NORTH BRUNSWICK,20285.826530612245
NORTH CANTON,19425.470588235294
NORTH CHARLESTON,19836.630794701985
NORTH CONWAY,21106.11111111111
NORTH DARTMOUTH,21734.483606557376
NORTH GRAFTON,15602.25
NORTH HAMPTON,14818.426315789473
NORTH HAVEN,27187.902857142857
NORTH HILLS,10338.970588235294
NORTH HOLLYWOOD,20800.240032546786
NORTH HUNTINGDON,17906.612975391497
NORTH KANSAS CITY,18956.456140350878
NORTH LAUDERDALE,16597.896551724138
NORTH LITTLE ROCK,19747.945945945947
NORTH MIAMI,23432.142168674698
NORTH MIAMI BEACH,17937.335365853658
NORTH OLMSTED,16366.311212814646
NORTH PALM BEACH,16057.855191256831
NORTH PHOENIX,18413.016574585636
NORTH PLAINFIELD,17448.457236842107
NORTH READING,20500.56603773585
NORTH RICHLAND HILLS,20708.452411994786
NORTH RIVERSIDE,20209.361809045226
NORTH SALT LAKE,19863.811529933482
NORTH SCOTTSDALE,22282.72131147541
NORTH SUSSEX,25206.776119402984
NORTHAMPTON,19063.73230769231
NORTHBOROUGH,31950.796296296296
NORTHBROOK,22306.989949748742
NORTHFIELD,17959.23076923077
NORTHGLENN,16744.85436893204
NORTHUMBERLAND,18181.609848484848
NORTON,17014.309859154928
NORWALK,22676.226530612246
NORWICH,18340.806962025315
NORWOOD,20842.820786516855
NOTTINGHAM,16886.243386243386
NOVATO,20311.972332015812
NOVI,22235.200647249192
O'FALLON,19677.050605060507
OAK HARBOR,19933.979591836734
OAK LAWN,20546.29104477612
OAK PARK,25369.55223880597
OAK PARK HEIGHTS,19992.287449392712
OAK RIDGE,22364.578260869566
OAKDALE,23302.606986899562
OAKFIELD,13734.854166666666
OAKHURST,30603.952991452992
OAKLAND,18306.7659137577
OAKLAND PARK,11726.271255060728
OCALA,20485.428938906753
OCEAN SPRINGS,10607.534482758621
OCEANSIDE,16537.371308016878
OCOEE,26921.691275167785
OCONOMOWOC,20992.780575539568
ODESSA,26573.151136363635
OGDEN,19485.770981507823
OKARCHE,26220.634782608697
OKATIE,24187.79104477612
OKEECHOBEE,17716.083333333332
OKEMOS,20962.885714285716
OKLAHOMA CITY,20367.37997218359
OKMULGEE,22728.632352941175
OLATHE,19321.597371565113
OLD BRIDGE,18024.189265536723
OLD HICKORY,17368.441176470587
OLD SAYBROOK,17598.766839378237
OLIVE BRANCH,21716.34165720772
OLYMPIA,22139.988695652173
OMAHA,21302.57656655543
ONEIDA,23915.4375
ONEONTA,20680.72277227723
ONTARIO,21408.119538334708
OPELIKA,21273.797297297297
OPELOUSAS,21807.309523809523
ORANGBURG,23172.25352112676
ORANGE,17628.31728665208
ORANGE CITY,18653.845637583894
ORANGE PARK,20294.757369614512
ORCHARD PARK,19601.811881188118
OREGON,21663.32051282051
OREGON CITY,16587.102564102563
OREM,18699.652173913044
ORLAND PARK,23162.65758401453
ORLANDO,18668.249801954054
ORMOND BEACH,18125.0
OROVILLE,24838.638036809814
ORTONVILLE,14619.605263157895
ORWELL,11168.94366197183
OSAGE CITY,23480.833333333332
OSKALOOSA,21469.666666666668
OSSEO,10865.217391304348
OSWEGO,20717.409793814433
OTTAWA,20254.247282608696
OTTAWA LAKE,22430.349344978167
OTTUMWA,19905.666666666668
OVERLAND PARK,22272.290679304897
OWASSO,18595.535714285714
OWENSBORO,17567.742574257427
OWINGS MILLS,21372.518755718207
OXFORD,22137.70491803279
OXNARD,21208.562352941175
OZARK,25795.57785467128
OZONE PARK,17637.98969072165
PACIFIC,16366.368
PACOIMA,16580.172661870503
PAGE,17805.526315789473
PAHRUMP,20179.777777777777
PAINESVILLE,10589.416666666666
PAINTED POST,23386.293478260868
PALATINE,20060.489898989897
PALESTINE,17172.25
PALM BEACH GARDENS,18552.317647058822
PALM COAST,22342.94849785408
PALM DESERT,8191.625
PALM HARBOR,20818.607028753995
PALM SPRINGS,29892.94871794872
PALMDALE,17874.739299610894
PALMER,21288.03448275862
PALMYRA,28374.229828850857
PALO ALTO,25398.169724770643
PANAMA CITY,21493.059541984734
PANAMA CITY BEACH,24326.470588235294
PAOLI,19638.625730994154
PARAMUS,23641.64060150376
PARIS,20471.840375586853
PARK CITY,24027.34375
PARKER,19907.14347826087
PARMA,15278.138190954774
PASADENA,17277.23896499239
PASCAGOULA,22844.576923076922
PASO ROBLES,25103.441048034936
PATASKALA,26598.36111111111
PATCHOGUE,21062.86449399657
PATERSON,20927.280898876405
PAULS VALLEY,33657.427710843374
PAWLEYS ISLAND,16107.65625
PAYSON,18742.76
PEARL CITY,13179.558823529413
PEARLAND,28457.03738317757
PELHAM,23302.093322606597
PEMBROKE PINES,26290.837758112095
PEN ARGYL,17981.428571428572
PENNSAUKEN,4561.473684210527
PENSACOLA,20487.291781767955
PEORIA,21681.8752341701
PEOTONE,22500.987012987014
PERKASIE,31389.99295774648
PERRY,22798.301204819276
PERRYSBURG,20977.84513274336
PERRYVILLE,20427.048192771083
PERTH AMBOY,19633.555555555555
PERU,18491.395652173913
PETALUMA,22573.48347107438
PETERSBURG,13939.52
PHARR,20006.484412470025
PHENIX CITY,11485.172413793103
PHILADELPHIA,24812.74684506614
PHOENIX,18651.533017270573
PIKEVILLE,22708.309579439254
PILOT POINT,26425.739130434784
PINCONNING,17285.108108108107
PINELLAS PARK,14509.834170854272
PINEVILLE,23369.181034482757
PITTSBORO,20536.32786885246
PITTSBURG,18363.22680412371
PITTSBURGH,20122.01651527663
PLACENTIA,18771.994962216624
PLACERVILLE,23037.297002724794
PLAINFIELD,20272.632083000797
PLAINVILLE,16987.830275229357
PLAISTOW,18581.694736842106
PLANO,24747.152424440097
PLANTATION,21526.508810572686
PLATTE CITY,31017.77966101695
PLATTSMOUTH,24599.912587412586
PLAYA VISTA,20689.67142857143
PLEASANT GROVE,15627.282608695652
PLEASANT HILL,30750.0
PLEASANTON,23496.240684793556
PLYMOUTH,25217.81983805668
PLYMOUTH MEETING,20306.021276595744
POCATELLO,22304.395209580838
POINT PLEASANT,20496.33043478261
POMONA,10212.64705882353
POMPANO BEACH,20088.680349932707
POMPTON PLAINS,20751.943127962084
PONTIAC,22350.26099706745
POOLER,21712.21052631579
PORT ARTHUR,23063.690140845072
PORT CHARLOTTE,17857.31
PORT JERVIS,8995.0
PORT LAVACA,30435.54761904762
PORT ORCHARD,17500.222627737225
PORT RICHEY,19647.141592920354
PORT SAINT LUCIE,8802.0
PORT ST LUCIE,8125.210526315789
PORTAGE,19330.761904761905
PORTALES,24714.222222222223
PORTER,30662.647058823528
PORTERVILLE,18529.693333333333
PORTLAND,23631.016540812656
PORTSMOUTH,19996.91172316384
POST FALLS,21790.298174442192
POTTSVILLE,15543.75572519084
POUGHKEEPSIE,17398.97340425532
POWAY,19957.164750957854
PRATTVILLE,22935.836879432623
PRESCOTT,19977.159509202455
PRICE,25435.93031358885
PRINCE FREDERICK,23862.30769230769
PRINCE GEORGE,24701.646153846155
PRINCETON,23555.974772956608
PROVIDENCE,20745.91964285714
PROVO,22159.098214285714
PUEBLO,19065.804979253113
PULLMAN,24259.583333333332
PUNTA GORDA,17239.803981623278
PURCELL,24560.877049180326
PURCELLVILLE,7967.170731707317
PUTNAM,13625.349206349207
PUYALLUP,24429.098465473147
QUAKERTOWN,20757.26171875
QUARRYVILLE,24508.14285714286
QUEENS VILLAGE,10427.57142857143
QUEENSBURY,17716.65
QUINCY,21268.4598540146
RACINE,20707.284188034188
RADCLIFF,22078.17891373802
RAHWAY,20960.416173570018
RAINBOW CITY,23750.577981651375
RALEIGH,18944.73163233938
RAMSEY,23126.201871657755
RANCHO CORDOVA,14889.625
RANCHO CUCAMONGA,13161.073529411764
RANCHO MIRAGE,47199.604651162794
RANCHO SANTA MARGARITA,21608.17777777778
RANDALLSTOWN,20446.085020242914
RANDOLPH,27657.836842105262
RAPID CITY,22163.183333333334
RARITAN TOWNSHIP,17817.55652173913
RAVENA,22953.608695652172
RAVENEL,27645.484848484848
RAVENNA,18583.598591549297
RAYNHAM,19798.897471910113
RAYTOWN,13661.861538461539
READING,19449.441634241244
RED BANK,19478.59487179487
RED BUD,22488.087719298244
RED SPRINGS,20573.269035532994
REDDING,8982.09677419355
REDFORD,16797.613333333335
REDLANDS,18438.375874125875
REDMOND,18260.131280388978
REDONDO BCH,33740.583333333336
REDONDO BEACH,44092.08163265306
REDWOOD CITY,25288.004166666666
REEDLEY,23555.844444444443
RENO,20945.323435843053
RENTON,19935.437113402062
RENVILLE,22097.78846153846
REPUBLIC,19136.19871794872
RESEDA,16198.463768115942
REXBURG,27259.35
REYNOLDSBURG,10625.074626865671
RHINEBECK,30641.29090909091
RHINELANDER,18322.56862745098
RICHARDSON,19114.988028169013
RICHFIELD,18458.261744966443
RICHLAND,27291.366972477063
RICHMOND,20671.868397493286
RICHMOND HILL,17365.35849056604
RIDGELAND,22707.45569620253
RIDGEWOOD,9133.872832369942
RIFLE,27032.178947368422
RINCON,24172.990384615383
RINGGOLD,23802.97142857143
RIO LINDA,14994.421800947868
RIPLEY,23264.968911917098
RISING SUN,26811.696969696968
RIVERDALE,16070.145238095238
RIVERHEAD,18273.246153846154
RIVERSIDE,21722.994694960213
RIVERVIEW,11113.72
RIVIERA BEACH,20453.9365942029
ROANKE,23116.854545454546
ROANOKE,22133.617511520737
ROANOKE RAPIDS,23889.59880239521
ROBSTOWN,20492.884615384617
ROCHELLE PARK,34963.96446700508
ROCHESTER,21067.667163437654
ROCHESTER HILLS,21551.15068493151
ROCK HILL,19092.10497237569
ROCK SPRINGS,24359.504983388706
ROCKAWAY,23021.753623188404
ROCKFORD,19109.735064935066
ROCKINGHAM,26738.4
ROCKLAND,27417.742489270386
ROCKLIN,20515.760683760684
ROCKMART,28922.76767676768
ROCKVILLE,19589.5
ROCKVILLE CENTRE,38652.964539007095
ROCKWALL,22769.838847385272
ROCKWOOD,18342.821917808218
ROCKY MOUNT,23833.86320754717
ROGERS,21497.388768898487
ROLLA,22926.53153153153
ROLLING MEADOWS,22842.55060728745
ROME,19940.355172413794
RONAN,23993.8661971831
ROSEDALE,18062.436974789915
ROSELL,18448.776315789473
ROSELLE,18974.68857142857
ROSENBERG,19749.5125
ROSEVILLE,19420.779076238174
ROSLYN,22775.28846153846
ROSWELL,23491.8488372093
ROUND ROCK,18937.871833084948
ROXBORO,24078.333333333332
ROYAL OAK,15744.790087463556
ROYERSFORD,24154.07894736842
ROYSTON,25995.0
RUGBY,25189.3
RUIDOSO,23363.08823529412
RUSSELLVILLE,15252.145161290322
RUSTON,24074.28813559322
RUTLAND,15508.132075471698
SACO,17654.283950617282
SACRAMENTO,15869.190320826536
SACREMENTO,20300.289156626506
SADDLE BROOK,10862.0
SAFFORD,23119.240566037737
SAGLE,22466.655555555557
SAINT AUGUSTINE,26326.68
SAINT CHARLES,18009.327044025158
SAINT CLOUD,21159.552036199097
SAINT GEORGE,19076.1376146789
SAINT HELENS,24375.833333333332
SAINT JAMES,24928.42414860681
SAINT JOSEPH,25190.333333333332
SAINT LOUIS,16416.625850340137
SAINT LOUIS PARK,17851.168284789645
SAINT PAUL,21726.453731343285
SAINT PETERS,22363.688622754493
SAINT PETERSBURG,16864.73282442748
SAINT ROBERT,21891.214285714286
SALEM,19955.88455371459
SALINA,21688.662162162163
SALINAS,23879.2268907563
SALINE,17552.439024390245
SALISBURY,20153.128875379938
SALSIBURY,16478.95238095238
SALT LAKE,28385.917159763314
SALT LAKE CITY,20854.20588235294
SALTILLO,23240.3875
SAN ANGELO,23699.8785942492
SAN ANTONIO,22658.850340730387
SAN BENITO,19796.934523809523
SAN BERNADINO,13915.929824561403
SAN BERNARDINO,19840.32699619772
SAN BRUNO,19643.941176470587
SAN CARLOS,20655.17948717949
SAN CLEMENTE,7655.789473684211
SAN DEIGO,24197.25
SAN DIEGO,19699.680722891568
SAN FRANCISCO,22745.948955916472
SAN GABRIEL,25734.428571428572
SAN JOSE,22501.843528218993
SAN JUAN,28205.4923857868
SAN JUAN CAPISTRANO,21002.391304347828
SAN LEANDRO,20600.46875
SAN LUIS OBISPO,25814.210084033613
SAN MARCOS,21512.264672036825
SAN MATEO,18379.328877005348
SAN RAFAEL,24068.57046979866
SAN RAMON,29851.13953488372
SAN TAN VALLEY,13225.375
SANDUSKY,18286.03676470588
SANDWICH,22975.605504587154
SANDY,21064.70926756353
SANFORD,18659.626136363637
SANTA ANA,16129.071877807726
SANTA BARBARA,24440.0
SANTA CLARA,18207.33527696793
SANTA CLARITA,19232.976470588233
SANTA CRUZ,22253.2
SANTA FE,23031.02279202279
SANTA MARIA,19907.40588235294
SANTA MONICA,26928.981693363843
SANTA PAULA,24773.297872340427
SANTA ROSA,23138.926470588234
SARASOTA,23237.058379120877
SARATOGA SPRINGS,19967.25652173913
SATILLO,23642.405660377357
SAUGERTIES,11808.641975308641
SAUGUS,22587.102459016394
SAUK CITY,22214.003533568906
SAUKVILLE,17861.95283018868
SAULT SAINTE MARIE,18371.666666666668
SAVANNAH,20631.2393707483
SCARBOROUGH,37820.57777777778
SCARSDALE,26068.383333333335
SCHAUMBURG,19914.06313993174
SCHENECTADY,16875.2021978022
SCHERERVILLE,21620.734899328858
SCHOOLCRAFT,21593.295652173914
SCOTIA,21471.898360655738
SCOTTSBORO,21407.052631578947
SCOTTSDALE,22075.11231491513
SCRANTON,21210.384164222873
SEA GIRT,21700.89781021898
SEALY,27946.127659574468
SEASIDE,28892.694915254237
SEATTLE,22043.60046511628
SEBRING,21800.053639846745
SECAUCUS,20486.0
SEDALIA,23353.77922077922
SEEKONK,21590.643916913945
SEFFNER,16722.109065155808
SEGUIN,17877.3
SELMA,23725.25641025641
SEMINOLE,21555.349397590362
SENECA FALLS,27995.555555555555
SEVIERVILLE,20902.507692307692
SEYMOUR,18897.43469785575
SHAKOPEE,21745.842352941178
SHALLOTTE,21018.056603773584
SHARON,27187.246153846154
SHAWNEE,19084.644736842107
SHEBOYGAN,18002.628062360804
SHEFFIELD,21640.454545454544
SHELBY,25872.792993630574
SHELBY TOWNSHIP,12103.170731707318
SHELBYVILLE,21412.19649122807
SHELTON,21200.992805755395
SHERIDAN,27111.807228915663
SHERMAN,21931.48322147651
SHERMAN OAKS,19735.188235294117
SHERWOOD,21117.924127465856
SHIPPENSBURG,20102.2389380531
SHORELINE,17833.10411622276
SHOW LOW,20774.699029126212
SHREVEPORT,24661.8399339934
SHREWSBURY,22970.952755905513
SICKLERVILLE,20019.79746835443
SIDNEY,19940.428571428572
SIERRA VISTA,21143.51401869159
SIGNAL HILL,26443.840637450197
SILOAM SPRINGS,25243.600840336134
SILSBEE,23967.11111111111
SILVER CITY,23214.91489361702
SILVER SPRING,30937.121739130434
SILVERTHORNE,19950.872340425532
SIMI VALLEY,21113.52144469526
SIMSBURY,24748.09836065574
SINKING SPRING,19565.55497382199
SIOUX CITY,20820.62153846154
SIOUX FALLS,26108.939175257732
SKOKIE,21514.713675213676
SKYESVILLE,20511.85714285714
SLIDELL,20657.459694989106
SMITHFIELD,21474.834394904457
SMITHTOWN,19525.40990990991
SMYRNA,21692.81357552581
SMYRNA BEACH,19258.786516853932
SNEADS FERRY,19020.0
SNELLVILLE,17661.536251709986
SNELVILLE,13028.581818181818
SODUS,21985.196078431374
SOMERSET,20503.394285714287
SOMERSWORTH,19402.56443298969
SOMERVILLE,21824.305970149253
SOQUEL,19275.979591836734
SOUDERTON,25759.803797468354
SOUTH AMBOY,17988.87027027027
SOUTH BEND,21879.16
SOUTH BURLINGTON,15618.449275362318
SOUTH CHARLESTON,23593.42735042735
SOUTH CHESTERFIELD,19571.81395348837
SOUTH EASTON,18859.39289446186
SOUTH GATE,15515.329670329671
SOUTH GLENS FALLS,22862.444444444445
SOUTH HACKENSACK,19632.963855421687
SOUTH HAVEN,19006.0
SOUTH HOLLAND,16312.861386138615
SOUTH JORDAN,19781.38732394366
SOUTH LAKE TAHOE,21370.30769230769
SOUTH PORTLAND,18987.6404494382
SOUTH RIVER,18715.967213114753
SOUTH SAINT PAUL,16655.39024390244
SOUTH ST. PAUL,20362.858823529412
SOUTH WILLIAMSON,23262.67021276596
SOUTHAMPTON,25464.134020618556
SOUTHBOROGH,18788.083333333332
SOUTHBOROUGH,21963.125
SOUTHERN PINES,22011.113636363636
SOUTHFIELD,20035.358796296296
SOUTHGATE,16328.899176954732
SPANISH FORK,26260.0395480226
SPARTA,28041.597222222223
SPARTANBURG,19914.121848739494
SPEARFISH,24848.112903225807
SPENCER,18172.96923076923
SPENCERPORT,22035.64371257485
SPICEWOOD,45816.42857142857
SPOKANE,20381.588390501318
SPOKANE VALLEY,17763.492753623188
SPOTSYLVANIA,6098.884353741497
SPRING,23962.217079889808
SPRING BRANCH,21659.584615384614
SPRING CITY,9467.222222222223
SPRING HILL,17946.859154929578
SPRING VALLEY,24096.854625550663
SPRINGDALE,30845.261904761905
SPRINGFIELD,19987.09386009059
SPRINGFIELD GARDENS,18963.055555555555
SPRINGVILLE,21728.005494505494
SPRUCE PINE,25697.36842105263
ST AUGUSTINE,20828.709677419356
ST CHARLES,14735.896153846154
ST CLOUD,22412.60606060606
ST GEORGE,23408.66386554622
ST LOUIS,18508.70588235294
ST PAUL,15891.823529411764
ST PETERS,20820.72067039106
ST PETERSBURG,10809.25925925926
ST. AUGUSTINE,17725.53044871795
ST. CHARLES,21820.83185840708
ST. CLOUD,20040.55769230769
ST. GEORGE,23184.264653641207
ST. JAMES,23142.227621483376
ST. LOUIS,18953.491105463785
ST. PETERS,18650.72180451128
ST. PETERSBURG,19525.628701594535
STAFFORD,16432.475462077757
STAMFORD,20091.139784946237
STANHOPE,16920.52525252525
STANTON,12928.212996389891
STAR VALLEY,17524.774193548386
STARKE,23493.79508196721
STATE COLLEGE,22041.68831168831
STATEN ISLAND,19445.655319148937
STATESBORO,21466.6375
STATESVILLE,16774.11111111111
STAUNTON,20828.875954198473
STERLING,18265.746632124352
STERLING HEIGHTS,14175.183639398998
STEVENS POINT,19672.728813559323
STEVENSON RANCH,9301.07142857143
STILLWATER,18163.33766233766
STOCKBRIDGE,12233.823529411764
STOCKTON,19629.956597222223
STONE MOUNTAIN,13136.200848656294
STONE PARK,17653.14893617021
STONEHAM,24881.615384615383
STONEWALL,21860.94845360825
STONINGTON,27521.315789473683
STOUGHTON,22674.16346153846
STRASBURG,18410.166666666668
STRATFORD,8093.650793650793
STRATHAM,28591.14814814815
STREAMWOOD,15666.149425287356
STRONGSVILLE,21384.432
STROUDSBURG,18079.013698630137
STUART,20701.78910614525
STUDIO CITY,12122.333333333334
SUDBURY,32800.561983471074
SUFFOLK,19635.218543046358
SUGAR LAND,30650.863905325445
SUITLAND,19518.176211453745
SULLIVAN,20880.931603773584
SULPHUR SPRINGS,25185.709677419356
SUMMERVILLE,18912.08532423208
SUMMIT,24094.716666666667
SUMNER,24395.92156862745
SUMTER,22090.11022044088
SUNLAND,21275.777777777777
SUNNYVALE,19113.375404530743
SUNRISE,26739.02564102564
SURPRISE,19053.782034346103
SUSSEX,23792.761904761905
SWAINSBORO,23015.083798882682
SWAINTON,14496.552631578947
SWANNANOA,8275.0
SWANSBORO,30292.96875
SWANSEA,18423.120805369126
SWANZEY,17463.145833333332
SWEDESBORO,25152.67948717949
SWISHER,18676.0
SYKESVILLE,15283.57142857143
SYLACAUGA,19349.227272727272
SYLACUAGA,17748.428571428572
SYLVANIA,32209.188118811882
SYOSSET,15829.086021505376
SYRACUSE,21524.292490118576
TACOMA,19591.67820069204
TAHLEQUAH,29628.802816901407
TALLADEGA,20467.761467889908
TALLAHASSEE,20530.321922796797
TALLASSEE,27034.964601769912
TALLMADGE,17918.482558139534
TAMARAC,27213.396825396827
TAMPA,19825.795601552392
TANEYTOWN,21176.32075471698
TAPPAHANNOCK,18878.146341463416
TARPON SPRINGS,24113.97087378641
TAUNTON,10875.3
TAYLOR,23144.819277108432
TAYLORSVILLE,19982.470297029704
TAYLORVILLE,23243.651851851853
TEMECULA,19601.452339688043
TEMPE,21468.875088715402
TEMPLE,21111.376978417265
TEMPLE HILLS,17651.35354573484
TENAFLY,18600.08108108108
TERRE HAUTE,16790.713541666668
TERRELL,23170.94259818731
TETERBORO,21698.379858657245
TEWKSBURY,18031.474418604652
TEXARKANA,20322.807751937984
TEXAS CITY,27604.88888888889
THATCHER,21259.931506849316
THE DALLES,19710.545454545456
THE WOODLANDS,20714.31055900621
THOMASTON,20380.75647668394
THOMASVILLE,22887.312154696134
THOMSON,18433.943298969072
THORNDALE,18663.660606060606
THORNTON,20338.824662813102
THOUSAND OAKS,26920.332361516033
TIFTON,24501.948387096774
TIGARD,21386.22077922078
TILTON,12012.391304347826
TIMONIUM,19249.252525252527
TINLEY PARK,21278.006756756757
TINTON FALLS,24056.68493150685
TITUSVILLE,20629.672839506173
TIVERTON,29216.42372881356
TOLEDO,19981.104084321476
TOMBALL,27526.881147540982
TOMS RIVER,19429.623076923075
TOPEKA,20073.644544431947
TORRANCE,22132.546181818183
TORRINGTON,19257.103448275862
TOTOWA,8213.285714285714
TOWANDA,21216.759420289854
TOWNSEND,15731.28
TOWSON,29591.881188118812
TRACY,19946.565164433618
TRENTON,19581.02985074627
TREVOSE,19964.06687898089
TROUTDALE,20822.144444444446
TROUTMAN,14686.842105263158
TROY,20399.122004357298
TRUSSVILLE,23394.833333333332
TUCKER,17186.836363636365
TUCSON,17247.17930204573
TUJUNGA,11001.95945945946
TUKWILA,24950.736842105263
TULLAHOMA,28607.91304347826
TULSA,21416.914275202354
TUPELO,19775.25
TURLOCK,24046.123745819397
TURNERSVILLE,19328.985559566787
TURNWATER,20298.6
TUSCALOOSA,21881.399239543727
TUSCON,8720.152173913044
TUSCUMBIA,17523.024
TUSTIN,20814.42716535433
TWIN FALLS,24073.88345864662
TWINSBURG,17682.55319148936
TYLER,23664.797959183674
UNION,23049.04920913884
UNION CITY,19077.581951530614
UNIONTOWN,15776.058823529413
UNIVERSAL CITY,15236.354166666666
UPLAND,22740.38418079096
UPPER MARLBORO,20416.788732394365
UPPER SADDLE RIVER,25843.907488986784
URBANA,17136.565040650406
URBANDALE,24198.909090909092
VACAVILLE,23721.124849939977
VADNAIS HEIGHTS,18593.695652173912
VALDESE,24508.321678321678
VALDOSTA,17978.06862745098
VALENCIA,23693.17877629063
VALLEJO,20356.856200527705
VALLEY STREAM,22310.451612903227
VALPARAISO,19471.21052631579
VAN BUREN,23894.983870967742
VAN NUYS,16483.718078381797
VAN WERT,21222.184210526317
VANCOUVER,20665.582689335395
VANDALIA,20403.306074766355
VENICE,19279.41952506596
VENTURA,21889.09982788296
VERNON,17260.109207708778
VERO BEACH,18625.586909090907
VERONA,22558.77037037037
VERSAILLES,19772.974576271186
VICKSBURG,23673.63664596273
VICTOR,16033.190926275993
VICTORIA,23597.38766519824
VICTORVILLE,20054.623284734134
VIENNA,24576.99348534202
VILLA PARK,24363.849840255592
VILLA RICA,26810.662921348314
VINCENNES,22599.79661016949
VINELAND,19914.696
VIRDEN,21211.243697478993
VIRGINA BEACH,14985.83495145631
VIRGINIA,21475.78313253012
VIRGINIA BEACH,16784.19375603476
VISALIA,13378.264
VISTA,20146.30412371134
WACO,20507.40182648402
WAHIAWA,13250.9625
WAIPAHU,14955.92
WAIT PARK,19260.66875
WAITE PARK,19278.121794871793
WAKE FOREST,22121.683035714286
WAKEFIELD,18388.008196721312
WALDOBORO,19364.79487179487
WALDORF,18950.298645320196
WALL,21176.4734375
WALLA WALLA,25156.85142857143
WALLACE,27154.243243243243
WALLINGFORD,20375.26886792453
WALNUT CREEK,25071.571428571428
WALTHAM,14203.196721311475
WANTAGH,19324.866438356163
WAPPINGERS FALLS,21404.548117154813
WARMINSTER,24069.18881118881
WARNER ROBINS,20060.300109529024
WARREN,20258.375621890547
WARRENSBURG,23004.84763948498
WARRENTON,24920.673602080624
WARRENVILLE,30488.022727272728
WARRINGTON,14985.52380952381
WARROAD,22453.64864864865
WARSAW,20549.068571428572
WARTBURG,16118.529411764706
WARWICK,25354.620408163264
WASECA,20421.916666666668
WASHINGTON,24437.183976261127
WASHOUGAL,27094.049295774646
WASILLA,25947.925
WATCHUNG,22942.89756097561
WATERBURY,15948.963963963964
WATERFORD,16911.457692307693
WATERFORD TOWNSHIP,16854.905405405407
WATERLOO,9716.592105263158
WATERTOWN,22528.954302670623
WATSEKA,22813.014285714286
WATSONVILLE,20411.822580645163
WAUCHULA,23569.075
WAUKEGAN,14558.244755244756
WAUKEGEAN,11183.684210526315
WAUKESHA,18891.850890207716
WAUPACA,23471.5
WAUSAU,17390.369565217392
WAUWATOSA,16901.449438202246
WAVELAND,24022.09677419355
WAYCROSS,24728.027777777777
WAYLAND,10523.489361702128
WAYNE,19137.311320754718
WAYNESVILLE,20309.511904761905
WEATHERFORD,24094.0832
WEAVERVILLE,13225.315789473685
WEBSTER,25563.78086124402
WELLESLEY,17757.442953020134
WENATCHEE,26190.721518987342
WENDELL,22285.913294797687
WENTZVILLE,17394.58108108108
WESLACO,23474.141414141413
WESLEY CHAPEL,19913.313725490196
WEST,22640.938461538462
WEST ALLIS,15993.67877094972
WEST BABYLON,13933.760204081633
WEST BEND,19380.457534246576
WEST BOUNTIFUL,20290.266666666666
WEST BRIDGEWATER,10856.024930747923
WEST CALDWELL,18513.02445652174
WEST CHESTER,24208.063793103447
WEST CHICAGO,9769.030769230769
WEST COLUMBIA,19479.841628959275
WEST COVINA,18181.36808236808
WEST ISLIP,19517.311538461538
WEST JORDAN,20551.07476635514
WEST MELBOURNE,14657.142857142857
WEST MIFFLIN,20683.509433962263
WEST MONROE,10449.333333333334
WEST NYACK,18604.50704225352
WEST PALM BEACH,22519.732644494674
WEST PARK,16656.16206482593
WEST POINT,21039.543859649122
WEST SCARAMENTO,5281.608695652174
WEST SENECA,14484.467289719627
WEST SIMSBURY,21769.79012345679
WEST SPRINGFIELD,21056.66393442623
WEST VALLEY,20973.80733944954
WESTAMPTON,17882.445070422535
WESTBOROUGH,24754.0297542044
WESTBROOK,22468.531914893618
WESTBURY,28478.15834767642
WESTERLY,22335.926829268294
WESTFIELD,19864.361924686193
WESTFORD,19363.57458563536
WESTLAKE,20644.537037037036
WESTLAND,16578.457943925234
WESTMINSTER,20134.40405748098
WESTMONT,28347.145748987856
WESTPORT,23635.85100286533
WESTVILLE,26142.76288659794
WESTWOOD,41289.07692307692
WEXFORD,20999.889975550122
WEYMOUTH,17182.805555555555
WHEAT RIDGE,11975.5
WHEATLAND,30395.479166666668
WHEATON,20360.272222222222
WHIPPANY,32242.412935323384
WHITE BEAR LAKE,18300.98355263158
WHITE OAK,22220.16049382716
WHITE PLAINS,31106.004504504504
WHITE RIVER JUNCTION,15816.35294117647
WHITEFISH,23114.447204968943
WHITESBORO,26543.2276119403
WHITMAN,11427.0
WHITTIER,13026.141414141413
WICHITA,19110.430988423865
WICHITA FALLS,21906.453271028036
WICKENBURG,21944.162601626016
WICKLIFFE,15826.438202247191
WILKES-BARRE,23067.758122743682
WILKESBORO,26327.864
WILLIAMSBURG,21245.927586206897
WILLIAMSON,19565.731707317074
WILLIAMSTON,23958.128205128207
WILLIAMSTOWN,20418.53642384106
WILLIMANTIC,25931.402234636873
WILLISTON,14721.181034482759
WILLOUGHBY,28006.125
WILLOUGHBY HILLS,16642.826666666668
WILLOW GROVE,19314.641304347828
WILLOWBROOK,21711.838541666668
WILMINGTON,22043.839684174392
WILMINTON,15188.67924528302
WILSON,24536.48803827751
WILSONVILLE,24300.542694497155
WILTON,20017.44927536232
WINCHESTER,18162.712923728814
WINDSOR,22183.146167557934
WINDSOR LOCKS,15135.837133550489
WINNEMUCCA,28968.782608695652
WINNSBORO,22174.60843373494
WINSLOW,16201.0
WINSTON SALEM,21706.070588235296
WINSTON-SALEM,21954.56112224449
WINTER HAVEN,19253.953323903817
WINTER PARK,20590.883081155433
WINTERVILLE,18534.510416666668
WOBURN,20995.6035455278
WOLCOTT,18168.64285714286
WOOD RIVER,20364.684523809523
WOODBRIDGE,19633.37106184364
WOODBRIDGE TOWNSHIP,16995.0
WOODBURY,18214.62801932367
WOODBURY HEIGHTS,25042.11111111111
WOODHAVEN,17247.916666666668
WOODINVILLE,14835.014778325123
WOODLAND,22258.07589285714
WOODLAND HILLS,19997.436440677968
WOODLANDS,27199.935483870966
WOODS CROSS,22015.30100334448
WOODSBORO,10501.875
WOODSIDE,20511.15070921986
WOODSTOCK,20405.564681724845
WOONSOCKET,22190.0814479638
WOOSTER,19529.589928057554
WORCESTER,21366.435582822087
WORTHINGTON,18592.71107266436
WRIGHTSVILLE,21514.466019417476
WYLIE,19995.075
WYTHEVILLE,20748.442786069652
YAKIMA,19424.124423963134
YARMOUTH,27244.075268817203
YERINGTON,23947.134615384617
YONKERS,19741.585561497326
YORBA LINDA,10560.875
YORK,18857.4
YORKSVILLE,14824.941176470587
YORKTOWN,10775.714285714286
YORKTOWN HEIGHTS,19055.761467889908
YORKVILLE,17845.66883116883
YOUNGSVILLE,12775.822580645161
YPSILANTI,17725.0
YUBA CITY,23961.075546719683
YUCCA VALLEY,18418.024390243903
YUKON,23560.79775280899
YULEE,20483.370967741936
YUMA,22888.847107438018
YUTAN,19689.6125
ZANESVILLE,20734.657794676805
ZEBULON,25659.42105263158
ZEDULON,18955.208333333332
ZELIENOPLE,20618.155462184874
ZEPHYRHILLS,17663.539325842696
ZIONSVILLE,22379.0593220339
