Model,Price
EXPLORERLIMITED,27554.83962264151
WRANGLERWILLYS,27540.40322580645
CR-VTOURING,27537.266362252663
EXPEDITION4WD,27513.09411764706
C-CLASSC300,27512.407699302817
XC70AWD,27510.88888888889
4RUNNERRWD,27505.89806678383
CHALLENGERSHAKER,27482.272727272728
METRIS,27450.0
GENESIS3.8L,27434.55769230769
CLACLA250,27427.061538461538
NVPV6,27396.428571428572
RX,27332.707503520418
QX562WD,27312.52857142857
EQUUSSIGNATURE,27278.792349726777
"1500SLT,",27251.78354002255
CL-CLASS2DR,27221.520833333332
SRXLUXURY,27194.743993698306
XFPREMIUM,27185.690476190477
EXPEDITIONXLT,27179.658692185007
MAXIMASL,27132.39285714286
F-350FX5,27086.53846153846
PACIFICATOURING-L,27079.109263657956
MDXAWD,27019.87483870968
S802015.5,27006.4375
C70INCSCRIPTION,26988.0
"SIENNASE,",26970.9375
MKC,26950.0
NV3500,26946.125
MAXIMASR,26938.572727272727
300PLATINUM,26927.88888888889
WRANGLERFREEDOM,26903.94827586207
ILXTECHNOLOGY,26896.954545454544
DURANGOAWD,26870.715037593985
1500HFE,26870.0
HIGHLANDERFWD,26824.065185185184
M-CLASSML,26822.88888888889
SEQUOIASR5,26816.910828025477
RDXAWD,26801.320866141734
XTERRAPRO-4X,26786.957746478874
TRAVERSELTZ,26771.027243589742
WRANGLERSAHARA,26753.70265486726
TACOMADOUBLE,26705.960975609756
RS44DR,26682.11111111111
MKZPREMIERE,26674.63953488372
TIGUANSPORT,26673.341463414636
DURANGOLIMITED,26654.118852459018
TUCSONNIGHT,26651.7
RAV4SE,26629.5859375
GLK-CLASSGLK350,26591.127534685165
NV,26533.483333333334
RDXFWD,26513.8013136289
"1500**7""",26495.0
WRANGLERALTITUDE,26473.5
ARMADASL,26464.06779661017
"1500SSV,",26458.5
OUTBACK3.6R,26434.964467005077
WRXLIMITED,26404.44776119403
V60T5,26404.270833333332
"SIENNAXLE,",26388.095909732016
SRXSTANDARD,26349.720930232557
5,26278.222794959907
OPTIMASXL,26259.491803278688
MURANOFWD,26250.85401459854
86SE,26237.0
IMPREZALIMITED,26101.640625
EDGESPORT,26081.239700374532
IMPALAPREMIER,26059.994263862332
QX564WD,26058.681159420288
RAV4,26015.79894179894
HARDTOP,26012.27397260274
QX30BASE,25999.846153846152
9-4XAWD,25999.0
TTSROADSTER,25999.0
CHARGERPURSUIT,25995.0
WRXCVT,25992.05309734513
TUCSONVALUE,25987.0
X535I,25985.0
CAMAROCONVERTIBLE,25972.050068587105
ZDXBASE,25895.0
COMPASS2017.5,25894.219512195123
124,25887.535714285714
Q50AWD,25869.391774891774
SUBURBANLS,25869.260869565216
PILOTSE,25859.28896103896
MUSTANGGT,25842.41279855791
SORENTOLIMITED,25826.785326086956
MKZBLACK,25818.25
TITANSINGLE,25800.916666666668
MKCFWD,25798.111545988257
TLXFWD,25784.743730407525
"1500EXPRESS,",25765.424784217015
ACADIAAWD,25669.23203285421
MKT3.7L,25665.32608695652
PACIFICATOURING,25604.5829846583
WRXMANUAL,25595.198230088496
X1XDRIVE35I,25582.385714285716
XK,25582.14285714286
370ZCOUPE,25501.427518427517
MKX2WD,25459.392592592594
"1500R/T,",25422.375
SEDONASX,25383.409638554218
SIENNAXLE,25380.696870925683
MKXAWD,25364.562002275314
FORESTER2.0XT,25332.05187319885
AVALANCHELS,25318.068965517243
SUBURBANLT,25296.097222222223
F-350HARLEY-DAVIDSON,25255.045454545456
QUATTROPORTESPORT,25219.0
EOSFINAL,25208.428571428572
F-150FX2,25199.35
300SRT8,25179.36842105263
V602015.5,25176.39393939394
MALIBUPREMIER,25164.55769230769
Q50HYBRID,25142.136094674555
NIROEX,25125.3
FLEXLIMITED,25104.25644504749
WRANGLERMOAB,25079.666666666668
PILOTEX-L,25066.6358974359
XTSPREMIUM,25032.936893203885
VOLTLT,24999.973684210527
CAMARO2SS,24999.0
Q60,24996.608169440242
4RUNNER,24994.0
E-CLASS2011,24975.0
MKT,24952.678571428572
XTS,24950.0
CHEROKEETRAILHAWK,24931.78602243313
ESCALADE2WD,24929.673684210527
Q50RWD,24878.84850590688
F-250FX5,24871.533333333333
FUSIONPLATINUM,24857.236363636363
RLXBASE,24854.947368421053
F-350CABELA'S,24813.666666666668
IONIQ,24802.08
1500,24800.0
XTSLUXURY,24792.854838709678
MAXIMASV,24744.725158562367
EOSEXECUTIVE,24706.0
SIENNA5328,24685.0
MUSTANGFASTBACK,24639.61589663273
XK2DR,24636.36567164179
FX37FX37,24620.185185185186
PATHFINDERSL,24618.894659839065
ILXPREMIUM,24611.380952380954
MKTALL,24595.0
CHARGERROAD/TRACK,24579.76
ISIS,24565.208676551345
CORVETTE2DR,24563.270109235353
ENCLAVECONVENIENCE,24542.27927927928
NV2500,24533.06349206349
FJ,24528.10769230769
TAURUSSHO,24526.75505050505
X6AWD,24521.714285714286
XC703.2L,24512.809523809523
CX-52016.5,24482.996825396825
EXPLORERXLT,24474.620979532163
CLA-CLASSCLA250,24462.713824289407
RIDGELINESPORT,24459.758620689656
MDXWITH,24451.117647058825
TIGUANWOLFSBURG,24409.76
DURANGOSPECIAL,24391.75
"1500TRADESMAN,",24389.559973045823
JOURNEYGT,24360.608695652172
CAMRYHYBRID,24320.338983050846
BRZSERIES.HYPERBLUE,24320.333333333332
X1SDRIVE28I,24307.390086206895
CX-9GRAND,24297.58038147139
TUCSONSPORT,24283.132075471698
TUNDRABASE,24270.79576399395
SSRREGULAR,24218.305555555555
RENEGADEDESERTHAWK,24205.75
CTS,24186.152466367712
TTS2DR,24184.30769230769
WRXPREMIUM,24180.9776119403
XC903.2,24163.0
MKS3.5L,24132.78787878788
XC70FWD,24125.0625
TERRAINSLE-2,24117.5
TAHOECOMMERCIAL,24115.285714285714
ACADIAFWD,24106.521169354837
86AUTOMATIC,24098.11111111111
WRANGLERSPORT,24095.30648769575
86BASE,24078.541666666668
CHARGERRT,24077.820431472082
XFI4,24063.375
F-150HARLEY-DAVIDSON,24062.053571428572
ACCORDTOURING,24060.575471698114
CANYONEXTENDED,24016.04958677686
PILOT4WD,24011.102256699578
BEETLESEL,24000.0
XC70PLATINUM,23998.0
S-CLASSS65,23996.0
F-1502010,23995.0
IMPREZA5,23991.0
F-150AWD,23987.637931034482
FRONTIERSV,23986.0
IS,23950.427207637233
DURANGO2WD,23936.25346112886
WRANGLER70TH,23928.666666666668
PASSAT3.6L,23927.06818181818
LACROSSEAWD,23922.534090909092
M56BASE,23914.666666666668
ARMADASV,23902.483146067414
M37M37X,23891.4125
F-150STX,23875.586387434556
ESCALADEAWD,23869.86322580645
CHEROKEE75TH,23852.157894736843
MKTLIVERY,23838.60655737705
TACOMA2WD,23823.249607535323
WRANGLERCALL,23813.5
CROSSTREK2.0I,23805.02029520295
NIROLX,23804.133333333335
ODYSSEYEX-L,23797.165190839696
FRONTIERCREW,23785.89677419355
S52DR,23783.45882352941
IMPALA3LT,23747.5
EXPEDITION2WD,23745.24281984334
F-1502WD,23725.30777491409
MURANO,23708.20895522388
SPYDER2DR,23698.444444444445
TITANKING,23656.67
M37M37,23653.562913907284
86MANUAL,23634.35714285714
HIGHLANDER4X4,23620.647260273974
Q53.2L,23611.0
SLK-CLASSSLK350,23578.176923076924
PACIFICALX,23569.984848484848
Q5QUATTRO,23559.309623430963
XC60AWD,23546.503184713376
MUSTANGECOBOOST,23483.324324324323
NVP3500,23413.076923076922
CROSSTREKLIMITED,23410.27819548872
SORENTOSX,23379.111271676302
C-MAXTITANIUM,23376.222222222223
B-CLASSELECTRIC,23366.833333333332
TACOMABASE,23331.592988710636
XFXF,23301.17127071823
PATHFINDERHYBRID,23257.527777777777
RIDGELINERTL,23224.2350877193
FX35LIMITED,23215.166666666668
SIENNAL,23196.752631578947
300ANNIVERSARY,23196.5
TRAVERSE2LT,23180.02687411598
C-CLASSC350,23154.940217391304
S-CLASS4DR,23150.28998849252
MALIBUHYBRID,23142.6875
HR-VEX-L,23120.48780487805
CCDSG,23117.878787878788
GRANSPORT2DR,23107.222222222223
AVALON,23098.633204633206
C70T5,23090.352941176472
ROGUE2017.5,23074.048780487807
S602015.5,23064.220532319392
Z4Z4,23044.30769230769
JX35JX35,23043.302325581397
CIVICSPORT,23042.290322580644
HIGHLANDER,23028.467391304348
S80T6,23004.394736842107
1500ST,22995.0
XC603.0L,22991.5
1500RAM,22991.0
WRXXM/,22990.0
C70INSCRIPTION,22978.4
CROSSTREK,22963.266666666666
JETTAGLI,22958.439024390245
COLORADOEXTENDED,22957.742290748898
CC2.0T,22907.185185185186
FORESTERPREMIUM,22888.0
HIGHLANDERSE,22881.539130434783
300300S,22862.67535971223
CAMAROCOUPE,22856.56246723746
ESES,22847.63631913852
S-CLASSS350,22828.722222222223
C-HRXLE,22824.8125
VENZALIMITED,22808.50704225352
3,22773.39092240117
15004WD,22763.801044386422
XC90PREMIER,22741.0
TACOMAPRERUNNER,22736.582564102566
GENESIS5.0,22728.722222222223
TRAVERSEAWD,22722.58582408198
SEQUOIARWD,22697.053333333333
CADENZASEDAN,22686.0
XLR2DR,22669.358208955226
XC703.2,22659.0
SL-CLASSSL55,22652.69230769231
300JOHN,22645.985074626864
A42.0T,22644.5869205298
PATHFINDERSV,22641.716149068325
BRZSERIES.BLUE,22617.666666666668
MAZDA62017.5,22615.0
SIENNASIENNA,22604.0
CIVICTOURING,22601.169491525423
S60T5,22592.842696629214
A3SEDAN,22584.319284802044
AVALONLIMITED,22574.195979899498
IMPREZASPORT,22568.977777777778
MKZAWD,22558.522222222222
MAXIMAS,22539.410646387834
TUCSONECO,22537.82608695652
ES,22530.029587270015
SRXBASE,22516.524926686216
NIROFE,22496.666666666668
OPTIMAS,22493.0
ILXAUTOMATIC,22464.747311827956
EOSKOMFORT,22446.951923076922
FX50AWD,22432.695652173912
OUTBACK2.5I,22375.85272391505
CHALLENGER,22338.0
AZERALIMITED,22331.474074074074
LEGACY3.6R,22301.52380952381
CHEROKEE4WD,22300.032214765102
CHEROKEEHIGH,22295.727272727272
MDXBASE,22256.70588235294
FLEXSEL,22247.866321243524
CX-5GRAND,22214.8453445555
PILOT2WD,22200.623595505618
SAVANA,22191.24546952224
WRXWRX,22186.2
500XLOUNGE,22185.333333333332
F-150SUPERCAB,22183.24564796905
PROMASTER,22167.525517241378
ENCORESPORT,22137.640625
CADENZABASE,22134.0
WRXBASE,22132.455399061033
RAV4AWD,22120.824884792626
MKS3.7L,22081.149220489977
IMPALA2LTZ,22074.117753623188
"VENZALIMITED,",22059.76712328767
MALIBU1LS,22056.0
GRAND,22033.81167315175
F-450CREW,21999.0
SRX3.6,21999.0
XC70PREMIER,21995.0
SIENNALE/DVD,21987.0
"SIENNALE,",21984.970358814353
ATS3.6L,21973.441988950275
MKZHYBRID,21958.490364025696
M56X,21924.166666666668
CROSSTREKPREMIUM,21918.409722222223
ILXACURAWATCH,21908.14285714286
VENZAXLE,21904.20735785953
S803.2,21900.0
MKS,21900.0
H24DR,21894.034300791558
TRAVERSE1LT,21881.72662798195
CAMRY4D,21874.0
DURANGOSXT,21819.55504587156
S84DR,21784.6875
RENEGADETRAILHAWK,21779.197904540164
MKXFWD,21766.053140096617
PATHFINDER4WD,21715.489288774635
TRANSIT,21682.747583243825
CX-3AWD,21608.053731343283
SPRINTER2500,21606.5
EOSLUX,21591.416666666668
HIGHLANDER4X2,21565.612440191388
PILOTLX,21554.71206225681
GOLF,21516.53006012024
RENEGADEALTITUDE,21514.75
FORESTER2.5I,21505.09172763084
ROGUESL,21482.958403220397
QUATTROPORTE,21475.0
QUESTSL,21460.30701754386
BEETLE#PINKBEETLE,21450.0
MKTECOBOOST,21447.5
RAV4LIMITED,21443.629268292683
AVALONPREMIUM,21439.844155844155
IMPREZAPREMIUM,21433.956834532375
QUESTPLATINUM,21407.56989247312
XC60FWD,21341.92391304348
RAV4XLE,21337.196108550947
CHEROKEELIMITED,21336.266216216216
HR-VAWD,21334.236842105263
SL-CLASSSL600,21323.153846153848
GL-CLASS4MATIC,21321.31204379562
CROSSTREKMANUAL,21319.172413793105
REGALGS,21304.547826086957
PILOTEX,21304.018018018018
XC603.2L,21250.285714285714
MKTAWD,21246.88888888889
AVALONXLE,21246.458968772695
TIGUAN4MOTION,21240.681481481482
JOURNEYCROSSROAD,21226.98973481608
TRAVERSEFWD,21212.831181102363
CHEROKEEALTITUDE,21206.696969696968
DURANGOCREW,21104.251028806586
QUATTROPORTEEXECUTIVE,21097.0
SENTRANISMO,21074.125
OUTLANDERGT,21072.645669291338
MUSTANGV6,21064.021276595744
EXCURSIONLIMITED,21044.6875
EOSSPORT,21014.60975609756
S2000CR,21000.0
TRAX1LT,20995.0
FORTE5SX,20995.0
BEETLEDUNE,20991.0
CAMAROSS,20985.0
S20002DR,20977.964285714286
OPTIMAPREMIUM,20975.0
XC903.2L,20975.0
CR-ZEX-L,20974.5
300MOPAR,20950.0
"VENZAXLE,",20947.03125
REGALFWD,20945.0
300300C,20895.24455899198
HR-VEX,20873.654929577464
TACOMAACCESS,20872.407960199005
MURANOAWD,20863.605026372945
MKX,20856.0
EX37JOURNEY,20795.0
CR-VSE,20789.583333333332
EX37EX37,20787.48717948718
MKXMKX,20746.394029850748
RS64DR,20738.6
COLORADOLT,20727.0
AVALONTOURING,20714.42142857143
SIENNALE,20687.44260700389
500XPOP,20681.75
OUTLANDERSEL,20662.287234042553
EDGESEL,20661.043352601155
XTERRAX,20646.245454545453
EXPRESS,20638.551795939617
LACROSSEFWD,20580.516213847503
E-CLASS2DR,20572.294701986753
I3HATCHBACK,20562.598484848484
MKZFWD,20557.110851808633
SONATASEL,20529.5
Q40AWD,20521.69421487603
NV1500,20514.603174603173
CADENZALIMITED,20507.07222222222
CL-CLASSCL65,20494.0
SRXLEATHER,20475.0
ATS2.0L,20469.716274089937
TERRAINAWD,20469.319506726457
CX-3FWD,20421.460431654676
MUSTANGCOUPE,20414.000782472613
CTCT,20384.0
HIGHLANDERPLUS,20383.54716981132
CHALLENGER2DR,20366.845986984816
PATHFINDERS,20357.918085106383
SEDONALX,20344.354702657107
MUSTANG,20327.5
CHARGERSXT,20320.19775596073
CX-9TOURING,20294.696470588235
CIVICEX-T,20291.94262295082
ZDXAWD,20291.133333333335
COROLLAXSE,20290.0
BRZLIMITED,20286.46907216495
TIGUANR-LINE,20258.65765765766
S44DR,20231.403100775195
QUESTLE,20212.48
CHALLENGERSXT,20201.441299790356
A84DR,20196.431034482757
RIDGELINERTS,20186.653333333332
MUSTANGCONVERTIBLE,20154.364853556486
RDXWITH,20128.30769230769
CADENZAPREMIUM,20098.018761726078
BRZPREMIUM,20077.01282051282
AVALANCHE4WD,20075.210134128167
SORENTOEX,20048.124362895003
OPTIMALIMITED,20046.187214611873
XTERRAS,20015.261904761905
Q40RWD,20005.706896551725
RAV44X4,19994.69050376375
CX-3TOURING,19990.0
PROMASTER2500,19984.0
MAZDA6GRAND,19968.431011826546
ENCOREPREMIUM,19962.45213849287
RENEGADELIMITED,19954.231354642314
RENEGADEJUSTICE,19943.371428571427
PATHFINDER2WD,19925.581504702193
EDGELTD,19917.0
CCVR6,19888.06779661017
XTSBASE,19885.630434782608
TT3.2L,19881.0
CAMAROLT,19875.0
JUKEAWD,19868.962264150945
WRANGLER4WD,19866.414660246122
XC703.0T,19863.0
SONATASPORT,19852.85401459854
TIGUAN,19842.25
F-350AMARILLO,19819.6
CT,19782.928571428572
ALTIMA2017.5,19778.650793650795
REGALSPORT,19751.485530546623
RAV4LE,19732.92544146501
"SIENNAL,",19686.7
500XTREKKING,19676.3125
WRANGLERMOJAVE,19650.0
CR-VEX-L,19647.12164163317
ESCAPETITANIUM,19632.569241475296
EXPLORERBASE,19628.46118192352
PASSATTDI,19613.178714859438
RDXBASE,19600.875
300LIMITED,19536.28083491461
300LUXURY,19526.333333333332
EQUINOXLTZ,19495.0
WRANGLERUNLIMITED,19475.0
IMPREZA5-DOOR,19471.03846153846
SEDONAL,19451.06349206349
HR-V2WD,19434.214285714286
TLSPECIAL,19391.35714285714
HR-VLX,19384.347107438018
JETTA1.8T,19383.95945945946
NV200,19379.8
TLSH-AWD,19360.90243902439
CLS-CLASSCLS55,19326.346153846152
GOLFWOLFSBURG,19325.757575757576
CX-9AWD,19316.567164179105
GOLFSE,19308.555555555555
SONATA2.0T,19276.368674698795
MKTTOWN,19253.666666666668
MUSTANGSVT,19247.08108108108
TITAN4WD,19239.55108359133
TIGUANSEL,19191.480916030534
RENEGADE75TH,19186.5
SPORTAGESX,19176.91121495327
XC60,19171.25
IMPREZABASE,19157.11111111111
M35HH,19138.5
ROGUESV,19070.692539109506
BEETLESE,19059.11111111111
XTS3.6L,19056.809523809523
RAV44X2,19037.003933136675
QUESTSV,19015.20722135008
SUBURBAN,19000.0
CAMRYXSE,18993.308675799086
300C,18990.0
ENCORE,18990.0
CX-5,18972.0
C-CLASSC250,18968.24916013438
CCR-LINE,18963.625
XV,18952.311574328032
CHEROKEELATITUDE,18938.81010390541
SORENTOL,18937.90707964602
TUNDRAGRADE,18935.4
IMPREZA4-DOOR,18920.333333333332
SOULEV+,18901.75
Q504DR,18900.0
CRUZEHATCHBACK,18878.896551724138
TRAVERSELS,18843.787794729542
MURANO2WD,18830.652758132957
LANCERRALLIART,18808.055555555555
BEETLECLASSIC,18803.5
C30R-DESIGN,18793.4
CHEROKEEFWD,18793.31375838926
XJ4DR,18769.54411764706
WRANGLERISLANDER,18747.5
BEETLE1.8T,18740.5
370Z2DR,18738.92774566474
MURANOLE,18726.125
ALTIMA3.5,18724.442386831277
SOULEXCLAIM,18719.0
PILOT,18700.0
"1500HFE,",18693.875
CROSSTOUREX-L,18674.043624161073
JUKEFWD,18673.28888888889
CX-5TOURING,18668.62044653349
ENCOREAWD,18668.25726141079
Z42DR,18653.050420168067
MURANOSL,18621.882352941175
TUNDRASR6,18616.5
MAZDA3,18616.26976744186
15002WD,18615.28947368421
CCEXECUTIVE,18592.85714285714
S64DR,18590.3125
ODYSSEYEX,18586.954088952654
EQUUS4DR,18583.382978723403
JOURNEYR/T,18578.548209366392
CIVICLX-P,18573.04651162791
JOURNEYLIMITED,18550.5
SEDONAEX,18534.875
EDGELIMITED,18534.636655948554
TUCSONWALKING,18507.083333333332
TSXSPECIAL,18506.054545454546
ROGUE4DR,18500.0
VELOSTER1.6L,18495.0
RENEGADELATITUDE,18492.099352051835
TSXPREMIUM,18488.0
TERRAINFWD,18484.74056003394
ACCORDSPORT,18465.604825291182
OUTBACK2014,18450.0
ENCORELEATHER,18440.712041884817
S-CLASSS600,18437.533333333333
AVALANCHE2WD,18424.498039215687
ACCORDBASE,18416.977272727272
SOUL!,18391.88888888889
A32.0T,18383.954545454544
SPORTAGEEX,18364.192846034213
"EXCURSION137""",18354.54761904762
IMPALA2LT,18347.351966873706
FUSION,18341.484251968504
FOCUSST,18319.980237154152
SORENTOLX,18310.13896008788
RAM,18293.043291078688
FORTWOPROXY,18284.0
RIDGELINERT,18272.39024390244
M564DR,18265.5
M37BASE,18262.783333333333
SOUL,18257.42105263158
COUPE2DR,18224.8
F-150LIGHTNING,18203.055555555555
Z3Z3,18192.882352941175
MKX4DR,18187.68181818182
M37X,18185.257575757576
SANTA,18107.95833756732
MALIBUL,18105.58823529412
REGALPREMIUM,18094.634888438133
ATS2.5L,18083.282511210764
CR-VEX,18080.967064901517
TRAXAWD,18076.22023047375
500,18050.666666666668
CHALLENGERRALLYE,18040.322580645163
S2000BASE,18020.55172413793
300UPTOWN,18018.0
ESCAPE4WD,18004.05708661417
F-15060TH,17999.0
TERRAINSLT,17999.0
TUNDRAREGULAR,17995.0
CHARGERAWD,17995.0
F-250OUTLAW,17993.666666666668
LACROSSELEATHER,17992.5
YUKONSLT1,17987.0
PASSATR-LINE,17977.0
370ZHEATED/COOLED,17970.0
PRIUSHATCACK,17966.0
Z3COUPE,17962.333333333332
VERANOSPORT,17960.051075268817
M35HM35H,17955.0
A4AWD,17939.0
MAZDA3S,17937.68551236749
OUTLANDERES,17937.65182186235
XC603.2,17930.85714285714
TUCSONLIMITED,17911.748995983937
TSX5-SPEED,17910.729559748426
TLWITH,17909.358974358973
CLS-CLASS4DR,17906.695187165777
EQUINOXAWD,17891.16554946171
QUESTS,17864.533980582524
FRONTIERKING,17862.454274353877
TUCSONSE,17849.666666666668
XF4DR,17849.212624584718
GOLF4-DOOR,17828.444782168186
FUSIONTITANIUM,17821.35236472092
F-250AMARILLO,17821.333333333332
VENZALE,17818.927272727273
MALIBU2LTZ,17817.954314720813
SPORTAGEAWD,17817.866323907456
MUSTANGPREMIUM,17811.158866995072
TLBASE,17796.57627118644
FR-SAUTOMATIC,17794.214092140923
GOLFSEL,17782.0
IMPREZA2.0,17779.777777777777
ENCOREFWD,17754.533609100312
FOCUSELECTRIC,17738.2
TRIBECA3.6R,17730.365384615383
"VENZALE,",17727.6038647343
LEGACY2.5I,17724.01896333755
TL2WD,17712.00699300699
OPTIMASX,17683.02564102564
IMPREZA5DR,17670.944444444445
RAV4FWD,17651.754155730534
PRIUSFOUR,17626.24905183312
CRUZEPREMIER,17608.65359477124
SCSC,17600.40506329114
CAMARO2LS,17599.5
ROGUES,17567.384634387352
EXPEDITIONXL,17552.666666666668
Q7QUATTRO,17536.98734177215
MAXIMA3.5,17534.59946115851
MALIBULT,17514.85337406276
BEETLES,17504.409090909092
TUNDRA4WD,17477.94680851064
RENEGADESPORT,17471.069400630913
E-GOLFSEL,17458.51724137931
ODYSSEYLX,17450.220125786163
SOULEV,17445.88888888889
SOUL#NAME?,17445.416666666668
FUSIONFUSION,17429.333333333332
CHARGERV6,17426.0
CX-9FWD,17421.58359621451
TSX,17391.88679245283
CX-9SPORT,17374.45
TAURUSLIMITED,17370.466970387242
FRONTIER4WD,17357.620078740158
GTIDRIVER'S,17356.0
COMPASSHIGH,17352.38532110092
IMPALALTZ,17326.262686567163
MAZDA6TOURING,17322.377435064936
CIVICSI,17320.997542997542
GOLFS,17314.703703703704
FUSIONSPORT,17309.18604651163
H3,17284.333333333332
ENCORECONVENIENCE,17272.17122473246
COROLLASE,17268.128881987577
IMPALAIMPALA,17250.0
ILX5-SPEED,17226.99393019727
C30T5,17220.75
QX56RWD,17191.67924528302
GTI4-DOOR,17182.03448275862
FUSIONHYBRID,17176.594594594593
FR-SMANUAL,17167.165605095543
TAHOE,17139.71052631579
CHARGERSE,17121.041850220263
CHEROKEESPORT,17119.195355191256
CAMRYXLE,17102.379325074755
WRANGLERRWD,17075.468085106382
CR-VLX,17071.94309181578
FR-S2DR,17054.247311827956
GENESIS,17038.610722610723
TUCSONAWD,17027.309050772627
500XAWD,17024.36923076923
G37,17021.609878310664
GENESIS3.8,17017.08275862069
TRAX,17000.0
H3ALPHA,16995.0
RAV4XLE/4WD/W/NAV/REAR,16995.0
M-CLASS4MATIC,16990.131474103586
VERANOTURBO,16988.0
NVHIGH,16985.6
F-550REG,16977.0
LANCERSEL,16967.625
S2000MANUAL,16964.244897959183
SONATAECO,16950.666666666668
CITY,16915.048387096773
COMPASS75TH,16912.689655172413
S803.2L,16909.4
FLEXSE,16908.914634146342
ECONOLINE,16905.31168831169
"GTI4-DOOR,",16903.833333333332
DAKOTABIGHORN/LONESTAR,16891.0
SPORTAGEFWD,16885.64344262295
OPTIMABASE,16882.384615384617
CAMARO2DR,16866.64007657945
IMPREZASDN,16866.105263157893
THUNDERBIRDPREMIUM,16858.8
AZERASEDAN,16851.4923857868
F-150REGULAR,16851.147435897437
EXPLORERPOLICE,16823.666666666668
CL-CLASSCL55,16821.41176470588
COROLLA,16816.20792079208
TIGUANSE,16813.658187599365
NVSTANDARD,16807.714285714286
GLK-CLASS4MATIC,16806.501694915256
GTIBASE,16791.0
PASSAT1.8T,16783.182444061964
FORTE5LX,16777.0
C-CLASS2DR,16777.0
BOXSTER2DR,16768.212938005392
PATRIOTHIGH,16737.53709198813
HIGHLANDER4WD,16733.083916083917
JUKENISMO,16731.950704225354
JOURNEYSXT,16729.905542168675
XC604DR,16712.0
ILXHYBRID,16692.727272727272
A52DR,16685.180428134558
E-GOLFSE,16664.8
CX-5SPORT,16660.739393939395
E-CLASSE55,16659.31818181818
CHARGERPOLICE,16657.742857142857
SPRINTER3500,16638.11111111111
IMPALA1LT,16633.483870967742
REGALTURBO,16624.909626719058
ROUTANSE,16622.5
ROUTANSEL,16621.5
XC90LEATHER,16595.0
MURANOS,16572.48245614035
PRIUSTHREE,16545.44171779141
200C,16530.350936967632
GTIWOLFSBURG,16525.387096774193
CX-5AWD,16523.333333333332
ESCAPESE,16504.73665480427
OUTLANDERSE,16504.36231884058
TACOMA4D,16500.0
ACCORDEX-L,16497.67062818336
FIESTAST,16495.125
MAZDA3MAZDASPEED3,16494.98148148148
STS-VSTS-V,16494.75
300300,16455.469437652813
E-GOLFLIMITED,16448.666666666668
JOURNEYAWD,16441.243537414965
C70,16434.25
EQUINOXFWD,16430.86307725507
SLK-CLASS2DR,16421.185483870966
SONATA,16413.872750642673
SPORTAGE2WD,16405.95308641975
FITEX-L,16404.6
WRANGLER2WD,16402.176470588234
PATRIOT75TH,16396.916666666668
IMPREZA4DR,16389.823529411766
ELANTRAECO,16335.076923076924
SRXFWD,16334.053333333333
500CLOUNGE,16328.857142857143
E-CLASS4DR,16314.779279279279
ESCAPEFWD,16314.536597072234
IMPREZA,16308.66587957497
JETTA1.4T,16286.427586206897
XJ,16245.0
SRXAWD,16241.790513833992
ILX6-SPEED,16240.052631578947
MURANOSV,16232.2
FLEXTITANIUM,16228.0
EDGESE,16222.48903508772
TAHOEPOLICE,16220.5
PRIUSPERSONA,16215.983050847457
JUKESL,16214.151093439365
CAMRYSE,16213.914249201278
M374DR,16208.287234042553
M-CLASSRWD,16203.451612903225
TOWN,16202.885991902835
300MOTOWN,16197.923076923076
IMPREZA2.0I,16153.173076923076
TACOMAX-RUNNER,16151.166666666666
VOLTPLUG-IN,16149.763012181616
SONATALIMITED,16147.884073672805
PRIUSFIVE,16139.411764705883
PRIUSTWO,16115.126224783862
GLK-CLASSRWD,16100.295597484277
GOLFTSI,16077.5
MARK,16054.829268292682
NAVIGATOR4DR,16053.612612612613
CCLUX,16038.90909090909
TRAXFWD,16030.561983471074
MX5,16021.131256952169
500CABARTH,16015.875
JOURNEY,16000.0
FRONTIERSE,15999.5
500X2WD,15995.0
C-CLASSC43,15995.0
IMPREZAWGN,15990.5
XB686,15987.0
VERANOLEATHER,15983.11186440678
REGAL,15979.166666666666
SPORTAGELX,15966.10641799232
CROSSTOUREX,15956.684931506848
THUNDERBIRDPACIFIC,15950.0
ACCORD,15947.538548035702
COMPASSLIMITED,15946.907936507936
VERANOPREMIUM,15929.387755102041
QX56AWD,15915.5
REGAL1FL,15903.0
SUBURBANFLEET,15900.0
BEETLE,15883.60426267281
4RUNNERSPORT,15876.09090909091
FX35AWD,15862.043918918918
X5AWD,15857.583333333334
CHARGER,15854.5
OUTBACK2.5XT,15850.0
OPTIMA,15823.446700507615
R-CLASS4MATIC,15814.511363636364
PRIUS,15774.785626283368
REGALFLEET,15771.333333333334
OPTIMAEX,15731.825390304026
200S,15722.731489741302
C-MAXSEL,15720.975342465754
IMPALALT,15710.097155126141
WRANGLERX,15706.79411764706
FX35RWD,15679.963414634147
PATRIOTLATITUDE,15655.317526731753
MALIBU3LT,15652.5
1,15618.729977116705
COMPASSLATITUDE,15604.257291666667
200CONVERTIBLE,15553.806451612903
CTS-VCTS-V,15553.380952380952
REGALSEDAN,15549.5
S60AWD,15546.421052631578
SL-CLASSSL500,15535.808176100629
TIGUANS,15530.126618705035
SC,15519.364130434782
OPTIMAOPTIMA,15495.0
GOLFTDI,15495.0
SUBURBAN4X4,15495.0
CAMAROLS,15491.5
ILX4DR,15490.0
MUSTANGBASE,15484.710679611651
G84DR,15483.842465753425
RIDGELINE4WD,15473.661971830987
ALTIMA2.5,15444.907565534126
CAMARO1LT,15439.0
THUNDERBIRD2DR,15437.55421686747
EQUATOR4WD,15432.333333333334
C-MAX,15423.215204678363
H34WD,15407.0
GTO2DR,15405.385093167703
CIVICEX-L,15394.868613138686
EXCURSIONEDDIE,15394.0
C-MAXSE,15385.829457364342
ELANTRASEL,15378.833333333334
FITEX,15362.122666666666
IM5DR,15361.64
TUCSONFWD,15359.761875
TAURUSSEL,15345.68734491315
SONATA1.6T,15322.868852459016
PASSATV6,15316.432098765432
SIENNABASE,15303.63829787234
XC90FWD,15300.472222222223
500LURBANA,15296.333333333334
ENCLAVEBASE,15285.095238095239
FORTES,15274.963503649635
300BASE,15264.713080168776
VERANO1SD,15260.861788617885
JUKESV,15209.179562043795
NV200S,15183.015267175573
NV200SV,15172.832
VERANO1SV,15152.285714285714
COOPER,15139.569107142857
CAMARO1LS,15123.5
THUNDERBIRDDELUXE,15110.461538461539
ROGUE,15107.60826446281
IMMANUAL,15104.243243243243
COROLLAXLE,15098.025
500XFWD,15093.38028169014
PATRIOTLIMITED,15090.347058823529
MAZDA6SPORT,15086.19020979021
MKT4DR,15007.053763440861
HIGHLANDERHIGHLANDER,14999.0
F-3504WD,14993.5
FRONTIERS,14985.0
F-250HIGHLINE,14962.666666666666
ODYSSEYLEATHER,14961.0
ELANTRAVALUE,14900.528571428571
TITAN2WD,14877.50552486188
STS-V4DR,14859.166666666666
JOURNEYSE,14853.607221006565
FUSIONSE,14819.582344517185
VELOSTERVALUE,14815.0
JOURNEYFWD,14806.948844072798
XTERRA4WD,14805.884718498659
CAMRYLE,14805.854825462013
OUTLANDER4WD,14804.583333333334
JOURNEYCREW,14799.360655737704
CCSPORT,14793.777027027027
CR-ZLX,14792.0
IMAUTOMATIC,14786.72131147541
CIVICSE,14770.736111111111
GL-CLASS4WD,14769.119815668202
AVALONBASE,14740.491228070176
TIGUAN2WD,14731.813636363637
CAMRY2014.5,14731.153846153846
EXCURSIONXLS,14728.0
CRUZESEDAN,14726.457187569864
COMPASSSPORT,14724.226993865032
MALIBU,14717.586772187677
CAMRYL,14711.242253521126
EUROVAN3DR,14709.25
MAZDA5GRAND,14680.5625
JUKES,14659.373278236915
SONATA2.4L,14625.473606223375
SLK-CLASSSLK32,14625.0
PASSATCERTIFIED,14616.0
MALIBU1LTZ,14613.782700421942
OPTIMALX,14602.13078209177
VELOSTERMANUAL,14564.338085539715
TUNDRA2WD,14556.057777777778
YARIS,14549.350230414746
ELANTRASPORT,14542.534562211982
MUSTANG2DR,14527.182163989857
EX35AWD,14505.862857142858
FX454DR,14494.0
TSXV6,14492.5
RIO,14492.0
VERANOCONVENIENCE,14472.945770065076
FORESTER2.5XT,14444.62962962963
LANCERTC-SST,14430.8
OUTLANDER,14424.583495776478
ACCORDLX,14407.290425531915
VELOSTERDUAL,14397.04
SOUL+,14368.830536225953
TCAUTOMATIC,14365.543624161073
ACCORDLX-S,14344.722222222223
GTI2-DOOR,14340.21052631579
TACOMAREGULAR,14337.542857142857
CANYON4WD,14319.728
500EHATCHBACK,14301.0
500CGQ,14280.0
ESCAPESEL,14269.372488408037
CRUZELTZ,14266.294779938587
TUCSONGLS,14263.472602739726
COROLLAS,14253.877513288653
PATRIOTSPORT,14248.766688697951
EX35RWD,14237.724489795919
DARTTURBO,14201.0
ESCAPESPORT,14194.0
FITLX,14189.651438240271
CHARGER4D,14162.0
ESCAPES,14140.814504881451
CL-CLASSCL600,14138.777777777777
ACCORDEX,14121.030456852792
VERANO,14117.5
DARTGT,14114.940379403793
SENTRASL,14108.623842592593
CRUZEDIESEL,14101.462962962964
GLIAUTOBAHN,14072.57142857143
WRANGLER2DR,14069.560693641619
GOLF2-DOOR,14063.672413793103
PASSATSE,14043.9
AVALANCHE2500,14033.0
MARAUDER4DR,14032.4
VELOSTERAUTOMATIC,14022.328048780488
LANCERGT,14008.048387096775
COROLLAECO,14005.379194630872
IMPALA1LS,13999.0
XC603.0T,13995.0
LACROSSECXL,13995.0
F-550CREW,13995.0
HIGHLANDERBASE,13994.761786600497
FORESTERFORESTER,13994.0
EQUINOX4D,13990.0
IMPALAONSTAR/,13990.0
MALIBU1LT,13974.692616104243
FORESTER2.5X,13974.342577487765
TCMANUAL,13967.565400843881
MAZDA3I,13965.439626783755
COMPASSALTITUDE,13930.388888888889
SONATASE,13924.717311233886
PASSAT4DR,13917.190209500104
ENCOREENCORE,13910.875
Q45LUXURY,13877.0
LANCERSE,13875.345454545455
FIREBIRD2000,13875.0
PATRIOTNORTH,13875.0
LIBERTYLATITUDE,13862.470588235294
VELOSTERTURBO,13798.176470588236
S-CLASSS55,13796.473684210527
FRONTIER2WD,13794.031434184675
ENCLAVEAWD,13765.765957446809
CIVIC,13764.596421994213
JOURNEYAMERICAN,13747.469026548673
YUKONSLE,13745.0
MALIBULS,13723.998150887574
A64DR,13718.14404432133
LEAFSL,13693.132183908046
FX35BASE,13672.985074626866
CRUZEL,13671.4
CRUZE,13669.810161480898
LANCERLE,13663.333333333334
COROLLAL,13658.575391498882
QX564DR,13620.0
VENZA4DR,13618.5825
IMPALALS,13615.139622641509
COROLLALE,13610.768159333507
THUNDERBIRD50TH,13588.666666666666
R322DR,13588.357142857143
MAZDA6S,13576.09090909091
GLIBASE,13568.434782608696
ODYSSEY5DR,13562.793906810035
TOUAREG4DR,13544.018867924528
DART,13525.0
PATRIOTALTITUDE,13511.150537634408
CANYONSLE,13489.0
Z4COUPE,13488.0
VELOSTERGLS,13481.0
MALIBUSEDAN,13480.25
200LIMITED,13461.588878548162
VERANOBASE,13461.5
S42007.5,13457.0
S45DR,13454.333333333334
EXPLORERAWD,13393.818181818182
GENESIS4DR,13390.253258845438
S42007,13371.894736842105
TIGUAN4WD,13368.746606334842
ENCLAVEFWD,13356.80408858603
XBAUTOMATIC,13347.966666666667
MUSTANGMACH,13346.555555555555
CRUZELT,13342.052564102563
FOCUSTITANIUM,13341.095948827293
CLK-CLASS2DR,13334.855555555556
FORESTER,13328.333333333334
COLORADO4WD,13320.54827586207
SENTRASR,13318.72996845426
MAZDA5TOURING,13315.04
MALIBU2LT,13309.279589934762
PASSATRECENT,13300.0
CR-ZEX,13298.92857142857
VENZABASE,13293.614130434782
ELANTRALIMITED,13288.527480371164
CHARGER4DR,13282.069379586392
IMPALA1LTZ,13280.722488038278
G25,13269.958333333334
SIENNA5DR,13268.841856060606
VELOSTERRE:FLEX,13236.609375
GTI4DR,13235.29203539823
FOCUSHATCHBACK,13203.670477865728
HIGHLANDERSPORT,13196.217391304348
IMPALA4,13194.0
MALIBULTZ,13140.0
SOULAUTOMATIC,13110.774844720498
500LLOUNGE,13104.818181818182
F-350,13071.5
RL4DR,13068.802816901409
MKS4DR,13063.36507936508
IA4DR,13055.15
PASSAT2.5L,13041.47032967033
FUSIONS,13030.732142857143
PRIUSONE,13009.977443609023
ELANTRASE,13000.682796943736
SOULSOUL,13000.0
XF2009,12999.0
TT2DR,12995.404255319148
CL-CLASSCL,12995.0
PASSAT1,12994.0
XBMANUAL,12989.295454545454
CR-V,12977.0
CC4DR,12976.369290573371
IAMANUAL,12972.51282051282
VOLTBASE,12971.826530612245
500LTREKKING,12966.23880597015
VERANOVERANO,12952.29
5001957,12951.222222222223
REGALBARGAIN,12950.0
500ABARTH,12947.520930232558
HSHS,12944.59677419355
BLACKWOOD2WD,12936.5
SEQUOIA2WD,12932.619047619048
CIVICNATURAL,12927.5
RENEGADE4WD,12900.0
FORTEAUTOMATIC,12888.624074074074
TUCSONGL,12847.916666666666
RAV44WD,12838.439703153988
AVENGERR/T,12836.064516129032
CAYENNE4DR,12830.264
TAURUSSE,12828.5786163522
CAMRY,12807.450427350428
FORTELX,12804.228114478114
OUTBACK4DR,12799.794486215538
ACCENTVALUE,12781.363636363636
FORTWOPRIME,12778.044444444444
C-CLASS4DR,12777.385996409335
M-CLASS4WD,12777.110599078342
CR-ZAUTOMATIC,12765.166666666666
MAZDA6I,12762.0
SENTRAS,12755.958269875115
MALIBUMALIBU,12750.0
CLS-CLASSCLS500,12746.133333333333
EDGE4DR,12730.852708058124
FORESTERXT,12728.6
S60SEDAN,12672.0
H34DR,12670.605714285713
S60FWD,12664.82962962963
IAAUTOMATIC,12663.555555555555
PASSAT2.5,12659.666666666666
ALTIMACOUPE,12628.120253164558
CIVICEX,12621.266214177978
RANGER4WD,12619.952205882353
SORENTOAWD,12610.502747252747
LEAFSV,12604.241379310344
FLEX4DR,12604.112044817926
DARTLIMITED,12601.380555555555
IMPALALIMITED,12599.64
REGALBASE,12593.857142857143
500EASY,12577.411764705883
HS,12568.025
LANCER4DR,12562.776073619632
FIESTATITANIUM,12559.931506849314
CIVICLX,12549.149103491663
SENTRASV,12512.02718960539
ROUTANS,12490.0
IMPALA2014,12480.0
PASSATS,12466.5
ELANTRA,12466.299182561308
PASSATWOLFSBURG,12455.5
DARTSXT,12443.466212027279
JETTA,12415.673921530353
FIREBIRD2DR,12404.352272727272
TSXAUTOMATIC,12396.77358490566
500RIBELLE,12396.666666666666
MAZDA5SPORT,12346.672222222222
TAHOE2DR,12345.0
A44DR,12300.269333333334
CRUZE2LT,12291.308666017527
X3AWD,12284.171428571428
EXCURSIONXLT,12259.833333333334
RIDGELINERTX,12254.181818181818
CAPTIVA,12227.777292576418
FORTESX,12210.201183431953
XC704DR,12193.649253731342
MKZ4DR,12185.414516129033
GLI4DR,12160.454545454546
ASPENAWD,12152.351351351352
500CPOP,12145.71875
MDX4WD,12119.719806763285
GOLF2.5L,12112.192857142858
FORTE,12101.0
SLK-CLASSSLK280,12093.148148148148
RAV4SPORT,12080.520661157025
IMPALASEDAN,12073.833333333334
ASPENLIMITED,12072.5
F-250,12066.0
FORTEMANUAL,12062.14953271028
SOULBASE,12059.323770491803
TL4DR,12041.963531669866
LIBERTY4WD,12025.557734204793
EXPLORER,12021.060606060606
DAKOTA4WD,12005.552521008403
DART4D,12000.0
VERANOFWD,11999.0
SIENNA7-PASS,11999.0
FX352,11997.0
TERRAINSLT-1,11995.0
IMPALAFIRST,11995.0
RDX*1-OWNER*LTHR*ROOF*BACK-UP*TECH,11995.0
HIGHLANDERW/3RD,11990.0
CRUZE1LT/FLEET,11988.0
SENTRAFE+,11987.793233082706
CRUZE1LT,11982.238797814207
MDXACURA,11975.0
MIRAGEGT,11959.8
MALIBU4D,11959.2
S-TYPE4.2R,11950.0
LIBERTYLIMITED,11939.375661375661
REGALREGAL,11929.833333333334
ALTIMASEDAN,11910.405917159764
EQUINOXLT,11900.0
IMPALA1WF19,11894.0
TAHOEHEATED,11890.0
VERACRUZAWD,11882.864285714286
MALIBUECO,11868.308080808081
200LX,11854.216284987277
VERSASL,11847.737142857142
M454DR,11835.42857142857
VERACRUZFWD,11834.098360655738
CR-ZCVT,11825.6
CUBESL,11824.923076923076
R-CLASSR350,11812.666666666666
SONATAGLS,11791.213054830287
VELOSTERRE:MIX,11775.799472295514
MIRAGESE,11753.307692307691
TIGUAN/,11750.0
3004DR,11652.524101665205
OUTLANDER2WD,11641.561497326204
TSX4DR,11618.50495049505
XTERRA2WD,11616.75879396985
SOULMANUAL,11590.973166368516
LANCERES,11585.064257028112
FOCUS,11565.695652173914
M354DR,11556.784403669724
DARTSE,11551.762088974854
ACCENTSPORT,11531.0
ACCORDSE,11529.648648648648
CLK-CLASSCLK55,11527.64705882353
IMPALA4D,11501.777777777777
JUKE5DR,11491.358843537415
SKY2DR,11467.058823529413
RANGERSUPERCAB,11457.579505300353
CR-ZBASE,11453.625
CANYONREGULAR,11445.0
EQUATOR2WD,11441.2
C702DR,11437.389312977099
AVALANCHE1500,11432.270408163266
VOLT5DR,11407.802469135802
A34DR,11383.945578231293
FORTWOCABRIOLET,11381.5
ASPEN4WD,11359.133333333333
FX354DR,11353.490196078432
LEAFS,11345.73220338983
S42DR,11343.5
FOCUSSEDAN,11335.664980455276
VERANO4DR,11320.23163841808
LIBERTYRWD,11319.555555555555
TRIBECA4DR,11315.507462686568
FORTEEX,11312.558568329718
CR-V4WD,11305.862975778547
SORENTO2WD,11305.019575856444
VERSA,11292.502878526195
PHAETON4DR,11291.333333333334
FOCUSSE,11268.08801591248
CIVICHF,11258.1875
CTS3.6L,11250.0
CRUZEECO,11241.194968553458
TOUAREG,11239.533333333333
XK82DR,11231.34375
YARISLE,11223.09420289855
MOUNTAINEERRWD,11213.2
AVALON4DR,11201.068181818182
COMMANDERLIMITED,11189.66037735849
YARIS5-DOOR,11185.595061728394
SOLSTICE2DR,11175.808080808081
XDAUTOMATIC,11174.491017964072
SPORTAGEBASE,11165.42857142857
VERSASV,11153.313942751616
4RUNNER4DR,11134.42780748663
500LEASY,11101.877777777778
VERSAS,11089.512455516015
CRUZELS,11075.776817854572
350Z2DR,11075.090146750525
BAJATURBO,11064.666666666666
XDMANUAL,11052.962962962964
TITANSE,11046.0
ACCENTSE,11045.07380952381
TRIBECASPECIAL,11045.0
ELANTRA4DR,11039.564169951818
CANYON2WD,11035.708333333334
FIESTAHATCHBACK,11031.409190371991
F-3504X4,11030.285714285714
SONICHATCH,11017.951585976627
CR-V2WD,11016.591531755916
COLORADOREGULAR,11011.551181102363
200SEDAN,11000.3496868476
200,11000.0
FORESTER4DR,10998.082442748091
TRIBECA5-PASSENGER,10997.0
REGALCXL,10995.0
ELANTRA2016,10995.0
NITRO,10991.0
BEETLE2DR,10984.385650224216
ESCAPELIMITED,10970.335504885994
R-CLASS4WD,10962.28947368421
MATRIXL,10954.818181818182
S42005.5,10949.5
NITROSLT/RT,10927.5
RAV4BASE,10878.684326710816
TAHOESPECIAL,10872.0
ASPENRWD,10862.076923076924
RDX4WD,10860.125
ELEMENTEX,10858.228070175439
ELANTRA4DSD,10858.0
2002DR,10838.906666666666
COMMANDER4WD,10825.782608695652
M45SPORT,10822.333333333334
R-CLASS4DR,10816.418604651162
AVENGERSXT,10809.52
CIVIC4DR,10795.933333333332
ELEMENTLX,10794.92
GTI2DR,10794.112759643916
YARISSE,10788.074074074075
FITBASE,10783.924242424242
CCLUXURY,10777.0
PILOTVP,10771.2
ELEMENTSC,10769.666666666666
BAJA4DR,10768.318181818182
500LPOP,10753.787878787878
CRUZE4D,10753.0
EQUINOX,10745.5
MIRAGE,10742.6091954023
RANGERXL,10740.875
RIOEX,10727.365853658537
MAXIMA4DR,10725.43132887899
ELEMENT4WD,10722.751879699248
RIOLX,10716.574576271187
CR-ZMANUAL,10700.625
EOS2DR,10699.703703703704
COMPASSBASE,10674.666666666666
FITAUTOMATIC,10661.967320261438
AVENGERSE,10639.798650168728
IMPALA,10639.095238095239
QUEST4DR,10628.510869565218
YARISSEDAN,10623.5
CARGO,10619.49152542373
LEGACY4DR,10592.44578313253
FX45AWD,10590.5
DARTAERO,10586.628571428571
COMPASS4WD,10578.335548172758
TIGUANAWD,10567.681318681318
ESCALADE4DR,10563.159292035398
ROGUEAWD,10556.263418662262
TRIBECALIMITED,10553.6
FITSPORT,10550.549520766774
3000GT2DR,10537.4
WRANGLERSE,10495.833333333334
S803.0L,10495.0
TAURUSPOLICE,10495.0
200TOURING,10489.12661498708
COMPASS70TH,10489.0
E-CLASS3.5L,10488.0
Z4ROADSTER,10485.214814814815
SONICSEDAN,10482.177240026162
CUBES,10481.958333333334
ELANTRAGLS,10476.417085427136
C302DR,10464.386363636364
YARISL,10464.057471264368
NITRO4WD,10462.813813813815
LEGACYGT,10426.307692307691
ARMADALE,10423.823529411764
C-CLASSC55,10385.333333333334
INSIGHTLX,10380.617647058823
COLORADO2WD,10378.680672268907
ROUTAN4DR,10371.662721893492
MALIBU2LZ,10340.166666666666
TRAILBLAZER4WD,10329.043307086615
500LOUNGE,10320.131313131313
NITROR/T,10297.055555555555
SX4HATCHBACK,10293.333333333334
MALIBU1LZ,10243.65909090909
LIBERTYSPORT,10231.252631578947
RIOSEDAN,10209.600591715976
SONATA4DR,10205.748735693373
SPARK,10203.060606060606
SEQUOIA4DR,10190.5
LACROSSE4DR,10177.105532786885
BORREGOEX,10166.333333333334
COMMANDERRWD,10157.782608695652
CIVIC2DR,10156.432432432432
VELOSTER3DR,10126.18152866242
V704DR,10117.921052631578
TC2DR,10115.47238095238
SORENTOBASE,10107.115384615385
IMPREZAOUTBACK,10079.434782608696
DARTRALLYE,10075.492063492064
IQ10TH,10065.333333333334
PATRIOT4WD,10057.822085889571
R-CLASSR500,10056.083333333334
YARIS3-DOOR,10027.19512195122
COMMANDERSPORT,10023.814285714287
MOUNTAINEERAWD,10021.68918918919
CL-CLASSCL500,10005.575757575758
FIESTASE,10002.387614678899
ACCENTGLS,10000.820235756386
I-3504DR,10000.0
MAXIMA,9999.0
VERACRUZGLS,9999.0
FORTE2DR,9999.0
PRIUS5DR,9997.91264367816
SUBURBAN2500,9997.0
ECLIPSEAUTO,9995.176470588236
F-350REG,9995.0
ODYSSEYODYSSEY,9991.0
NITRO2WD,9983.799019607843
NITROSXT,9968.7
RIO5-DOOR,9965.268965517242
ROGUEFWD,9954.329211746523
ACCENTGS,9952.231213872832
OPTIMA4DR,9926.835211267606
FIESTASEDAN,9923.497502497503
MALIBU1FL,9918.2
S804DR,9913.03804347826
RANGER2WD,9910.738955823294
M35BASE,9899.75
REGAL4DR,9893.545722713865
INSIGHTEX,9884.191489361701
500TURBO,9877.651162790698
AZERA4DR,9874.042056074766
VEHICROSS2DR,9872.25
ELEMENT2WD,9868.616279069767
ENVOY4WD,9865.14406779661
M35SPORT,9862.727272727272
A42DR,9857.042253521127
COMPASSFWD,9856.613924050633
DAKOTA2WD,9847.566091954022
M35X,9845.777777777777
RSXTYPE-S,9843.925925925925
DURANGO4WD,9827.72463768116
F-150,9819.756756756757
NITROSE,9809.85
FUSIONSEL,9803.41489361702
TC,9800.0
DTS4DR,9786.684848484849
INSIGHTBASE,9766.1
CAMRY4DR,9759.737507906388
OUTBACK,9757.152941176471
EDGEAWD,9751.014705882353
ESCAPEHYBRID,9730.446808510638
EXPLORERRWD,9729.955555555556
HIGHLANDER2WD,9713.742857142857
TAHOE4DR,9711.71193415638
